Place,Longitude,Latitude,Weight,Team,Content,Comments,Related,Type,Negative,Positive,Neutral,Topographical_features,Topographical_features_general
Nile,31.230987,30.092632,1,bible,,"<a href=""https://www.biblegateway.com/passage/?search=Gen+41%3A1&version=ESV"">Gen 41:1</a>, <a href=""https://www.biblegateway.com/passage/?search=Gen+41%3A2&version=ESV"">Gen 41:2</a>, <a href=""https://www.biblegateway.com/passage/?search=Gen+41%3A3&version=ESV"">Gen 41:3</a>, <a href=""https://www.biblegateway.com/passage/?search=Gen+41%3A17&version=ESV"">Gen 41:17</a>, <a href=""https://www.biblegateway.com/passage/?search=Gen+41%3A18&version=ESV"">Gen 41:18</a>",,,,,,,
Nile,31.230987,30.092632,1,bible,,"<a href=""https://www.biblegateway.com/passage/?search=Ex+1%3A22&version=ESV"">Ex 1:22</a>, <a href=""https://www.biblegateway.com/passage/?search=Ex+4%3A9&version=ESV"">Ex 4:9</a>, <a href=""https://www.biblegateway.com/passage/?search=Ex+7%3A15&version=ESV"">Ex 7:15</a>, <a href=""https://www.biblegateway.com/passage/?search=Ex+7%3A17&version=ESV"">Ex 7:17</a>, <a href=""https://www.biblegateway.com/passage/?search=Ex+7%3A18&version=ESV"">Ex 7:18</a>, <a href=""https://www.biblegateway.com/passage/?search=Ex+7%3A20&version=ESV"">Ex 7:20</a>, <a href=""https://www.biblegateway.com/passage/?search=Ex+7%3A21&version=ESV"">Ex 7:21</a>, <a href=""https://www.biblegateway.com/passage/?search=Ex+7%3A24&version=ESV"">Ex 7:24</a>, <a href=""https://www.biblegateway.com/passage/?search=Ex+7%3A25&version=ESV"">Ex 7:25</a>, <a href=""https://www.biblegateway.com/passage/?search=Ex+8%3A3&version=ESV"">Ex 8:3</a>, <a href=""https://www.biblegateway.com/passage/?search=Ex+8%3A9&version=ESV"">Ex 8:9</a>, <a href=""https://www.biblegateway.com/passage/?search=Ex+8%3A11&version=ESV"">Ex 8:11</a>, <a href=""https://www.biblegateway.com/passage/?search=Ex+17%3A5&version=ESV"">Ex 17:5</a>",,,,,,,
Nile,31.230987,30.092632,1,bible,,"<a href=""https://www.biblegateway.com/passage/?search=1+Chr+13%3A5&version=ESV"">1 Chr 13:5</a>",,,,,,,
Nile,31.230987,30.092632,1,bible,,"<a href=""https://www.biblegateway.com/passage/?search=Isa+19%3A6&version=ESV"">Isa 19:6</a>, <a href=""https://www.biblegateway.com/passage/?search=Isa+19%3A7&version=ESV"">Isa 19:7</a>, <a href=""https://www.biblegateway.com/passage/?search=Isa+19%3A8&version=ESV"">Isa 19:8</a>, <a href=""https://www.biblegateway.com/passage/?search=Isa+23%3A3&version=ESV"">Isa 23:3</a>, <a href=""https://www.biblegateway.com/passage/?search=Isa+23%3A10&version=ESV"">Isa 23:10</a>",,,,,,,
Nile,31.230987,30.092632,1,bible,,"<a href=""https://www.biblegateway.com/passage/?search=Jer+2%3A18&version=ESV"">Jer 2:18</a>, <a href=""https://www.biblegateway.com/passage/?search=Jer+46%3A7&version=ESV"">Jer 46:7</a>, <a href=""https://www.biblegateway.com/passage/?search=Jer+46%3A8&version=ESV"">Jer 46:8</a>",,,,,,,
Nile,31.230987,30.092632,1,bible,,"<a href=""https://www.biblegateway.com/passage/?search=Ezek+29%3A3&version=ESV"">Ezek 29:3</a>, <a href=""https://www.biblegateway.com/passage/?search=Ezek+29%3A9&version=ESV"">Ezek 29:9</a>, <a href=""https://www.biblegateway.com/passage/?search=Ezek+30%3A12&version=ESV"">Ezek 30:12</a>",,,,,,,
Nile,31.230987,30.092632,1,bible,,"<a href=""https://www.biblegateway.com/passage/?search=Amos+8%3A8&version=ESV"">Amos 8:8</a>, <a href=""https://www.biblegateway.com/passage/?search=Amos+9%3A5&version=ESV"">Amos 9:5</a>",,,,,,,
Nile,31.230987,30.092632,1,bible,,"<a href=""https://www.biblegateway.com/passage/?search=Nahum+3%3A8&version=ESV"">Nahum 3:8</a>",,,,,,,
Nile,31.230987,30.092632,1,bible,,"<a href=""https://www.biblegateway.com/passage/?search=Zech+10%3A11&version=ESV"">Zech 10:11</a>",,,,,,,
Arnon,35.677009,31.428800,1,bible,,"<a href=""https://www.biblegateway.com/passage/?search=Num+21%3A13&version=ESV"">Num 21:13</a>, <a href=""https://www.biblegateway.com/passage/?search=Num+21%3A14&version=ESV"">Num 21:14</a>, <a href=""https://www.biblegateway.com/passage/?search=Num+21%3A24&version=ESV"">Num 21:24</a>, <a href=""https://www.biblegateway.com/passage/?search=Num+21%3A26&version=ESV"">Num 21:26</a>, <a href=""https://www.biblegateway.com/passage/?search=Num+21%3A28&version=ESV"">Num 21:28</a>, <a href=""https://www.biblegateway.com/passage/?search=Num+22%3A36&version=ESV"">Num 22:36</a>",,,,,,,
Arnon,35.677009,31.428800,1,bible,,"<a href=""https://www.biblegateway.com/passage/?search=Judg+11%3A13&version=ESV"">Judg 11:13</a>, <a href=""https://www.biblegateway.com/passage/?search=Judg+11%3A18&version=ESV"">Judg 11:18</a>, <a href=""https://www.biblegateway.com/passage/?search=Judg+11%3A22&version=ESV"">Judg 11:22</a>, <a href=""https://www.biblegateway.com/passage/?search=Judg+11%3A26&version=ESV"">Judg 11:26</a>",,,,,,,
Arnon,35.677009,31.428800,1,bible,,"<a href=""https://www.biblegateway.com/passage/?search=Isa+16%3A2&version=ESV"">Isa 16:2</a>",,,,,,,
Arnon,35.677009,31.428800,1,bible,,"<a href=""https://www.biblegateway.com/passage/?search=Jer+48%3A20&version=ESV"">Jer 48:20</a>",,,,,,,
Nebo,35.743257,31.748024,1,bible,,"<a href=""https://www.biblegateway.com/passage/?search=Num+32%3A3&version=ESV"">Num 32:3</a>, <a href=""https://www.biblegateway.com/passage/?search=Num+32%3A38&version=ESV"">Num 32:38</a>, <a href=""https://www.biblegateway.com/passage/?search=Num+33%3A47&version=ESV"">Num 33:47</a>",,,,,,,
Nebo,35.743257,31.748024,1,bible,,"<a href=""https://www.biblegateway.com/passage/?search=1+Chr+5%3A8&version=ESV"">1 Chr 5:8</a>",,,,,,,
Nebo,35.037417,31.606256,1,bible,,"<a href=""https://www.biblegateway.com/passage/?search=Ezra+2%3A29&version=ESV"">Ezra 2:29</a>, <a href=""https://www.biblegateway.com/passage/?search=Ezra+10%3A43&version=ESV"">Ezra 10:43</a>",,,,,,,
Nebo,35.037417,31.606256,1,bible,,"<a href=""https://www.biblegateway.com/passage/?search=Neh+7%3A33&version=ESV"">Neh 7:33</a>",,,,,,,
Nebo,35.743257,31.748024,1,bible,,"<a href=""https://www.biblegateway.com/passage/?search=Isa+15%3A2&version=ESV"">Isa 15:2</a>",,,,,,,
Nebo,35.743257,31.748024,1,bible,,"<a href=""https://www.biblegateway.com/passage/?search=Jer+48%3A1&version=ESV"">Jer 48:1</a>, <a href=""https://www.biblegateway.com/passage/?search=Jer+48%3A22&version=ESV"">Jer 48:22</a>",,,,,,,
Abarim,35.746148,31.761357,1,bible,,"<a href=""https://www.biblegateway.com/passage/?search=Num+27%3A12&version=ESV"">Num 27:12</a>, <a href=""https://www.biblegateway.com/passage/?search=Num+33%3A47&version=ESV"">Num 33:47</a>, <a href=""https://www.biblegateway.com/passage/?search=Num+33%3A48&version=ESV"">Num 33:48</a>",,,,,,,
Abarim,35.746148,31.761357,1,bible,,"<a href=""https://www.biblegateway.com/passage/?search=Deut+32%3A49&version=ESV"">Deut 32:49</a>",,,,,,,
Abarim,35.746148,31.761357,1,bible,,"<a href=""https://www.biblegateway.com/passage/?search=Jer+22%3A20&version=ESV"">Jer 22:20</a>",,,,,,,
Euphrates,40.427780,35.090577,1,bible,,"<a href=""https://www.biblegateway.com/passage/?search=Gen+2%3A14&version=ESV"">Gen 2:14</a>, <a href=""https://www.biblegateway.com/passage/?search=Gen+15%3A18&version=ESV"">Gen 15:18</a>, <a href=""https://www.biblegateway.com/passage/?search=Gen+31%3A21&version=ESV"">Gen 31:21</a>, <a href=""https://www.biblegateway.com/passage/?search=Gen+36%3A37&version=ESV"">Gen 36:37</a>",,,,,,,
Euphrates,40.427780,35.090577,1,bible,,"<a href=""https://www.biblegateway.com/passage/?search=Ex+23%3A31&version=ESV"">Ex 23:31</a>",,,,,,,
Euphrates,40.427780,35.090577,1,bible,,"<a href=""https://www.biblegateway.com/passage/?search=Deut+1%3A7&version=ESV"">Deut 1:7</a>, <a href=""https://www.biblegateway.com/passage/?search=Deut+11%3A24&version=ESV"">Deut 11:24</a>",,,,,,,
Euphrates,40.427780,35.090577,1,bible,,"<a href=""https://www.biblegateway.com/passage/?search=Josh+1%3A4&version=ESV"">Josh 1:4</a>, <a href=""https://www.biblegateway.com/passage/?search=Josh+24%3A2&version=ESV"">Josh 24:2</a>",,,,,,,
Euphrates,40.427780,35.090577,1,bible,,"<a href=""https://www.biblegateway.com/passage/?search=2+Sam+8%3A3&version=ESV"">2 Sam 8:3</a>, <a href=""https://www.biblegateway.com/passage/?search=2+Sam+10%3A16&version=ESV"">2 Sam 10:16</a>",,,,,,,
Euphrates,40.427780,35.090577,1,bible,,"<a href=""https://www.biblegateway.com/passage/?search=1+Kgs+4%3A21&version=ESV"">1 Kgs 4:21</a>, <a href=""https://www.biblegateway.com/passage/?search=1+Kgs+4%3A24&version=ESV"">1 Kgs 4:24</a>, <a href=""https://www.biblegateway.com/passage/?search=1+Kgs+14%3A15&version=ESV"">1 Kgs 14:15</a>",,,,,,,
Euphrates,40.427780,35.090577,1,bible,,"<a href=""https://www.biblegateway.com/passage/?search=2+Kgs+23%3A29&version=ESV"">2 Kgs 23:29</a>, <a href=""https://www.biblegateway.com/passage/?search=2+Kgs+24%3A7&version=ESV"">2 Kgs 24:7</a>",,,,,,,
Euphrates,40.427780,35.090577,1,bible,,"<a href=""https://www.biblegateway.com/passage/?search=1+Chr+1%3A48&version=ESV"">1 Chr 1:48</a>, <a href=""https://www.biblegateway.com/passage/?search=1+Chr+5%3A9&version=ESV"">1 Chr 5:9</a>, <a href=""https://www.biblegateway.com/passage/?search=1+Chr+18%3A3&version=ESV"">1 Chr 18:3</a>, <a href=""https://www.biblegateway.com/passage/?search=1+Chr+19%3A16&version=ESV"">1 Chr 19:16</a>",,,,,,,
Euphrates,40.427780,35.090577,1,bible,,"<a href=""https://www.biblegateway.com/passage/?search=2+Chr+9%3A26&version=ESV"">2 Chr 9:26</a>, <a href=""https://www.biblegateway.com/passage/?search=2+Chr+35%3A20&version=ESV"">2 Chr 35:20</a>",,,,,,,
Euphrates,40.427780,35.090577,1,bible,,"<a href=""https://www.biblegateway.com/passage/?search=Isa+27%3A12&version=ESV"">Isa 27:12</a>",,,,,,,
Euphrates,40.427780,35.090577,1,bible,,"<a href=""https://www.biblegateway.com/passage/?search=Jer+2%3A18&version=ESV"">Jer 2:18</a>, <a href=""https://www.biblegateway.com/passage/?search=Jer+13%3A4&version=ESV"">Jer 13:4</a>, <a href=""https://www.biblegateway.com/passage/?search=Jer+13%3A5&version=ESV"">Jer 13:5</a>, <a href=""https://www.biblegateway.com/passage/?search=Jer+13%3A6&version=ESV"">Jer 13:6</a>, <a href=""https://www.biblegateway.com/passage/?search=Jer+13%3A7&version=ESV"">Jer 13:7</a>, <a href=""https://www.biblegateway.com/passage/?search=Jer+46%3A2&version=ESV"">Jer 46:2</a>, <a href=""https://www.biblegateway.com/passage/?search=Jer+46%3A6&version=ESV"">Jer 46:6</a>, <a href=""https://www.biblegateway.com/passage/?search=Jer+46%3A10&version=ESV"">Jer 46:10</a>, <a href=""https://www.biblegateway.com/passage/?search=Jer+51%3A63&version=ESV"">Jer 51:63</a>",,,,,,,
Euphrates,40.427780,35.090577,1,bible,,"<a href=""https://www.biblegateway.com/passage/?search=Rev+9%3A14&version=ESV"">Rev 9:14</a>, <a href=""https://www.biblegateway.com/passage/?search=Rev+16%3A12&version=ESV"">Rev 16:12</a>",,,,,,,
Azotus,34.635114,31.802999,1,bible,,"<a href=""https://www.biblegateway.com/passage/?search=Acts+8%3A40&version=ESV"">Acts 8:40</a>",,,,,,,
Damascus,36.313449,33.519299,1,bible,,"<a href=""https://www.biblegateway.com/passage/?search=Gen+14%3A15&version=ESV"">Gen 14:15</a>, <a href=""https://www.biblegateway.com/passage/?search=Gen+15%3A2&version=ESV"">Gen 15:2</a>",,,,,,,
Damascus,36.313449,33.519299,1,bible,,"<a href=""https://www.biblegateway.com/passage/?search=2+Sam+8%3A5&version=ESV"">2 Sam 8:5</a>, <a href=""https://www.biblegateway.com/passage/?search=2+Sam+8%3A6&version=ESV"">2 Sam 8:6</a>",,,,,,,
Damascus,36.313449,33.519299,1,bible,,"<a href=""https://www.biblegateway.com/passage/?search=1+Kgs+11%3A24&version=ESV"">1 Kgs 11:24</a>, <a href=""https://www.biblegateway.com/passage/?search=1+Kgs+15%3A18&version=ESV"">1 Kgs 15:18</a>, <a href=""https://www.biblegateway.com/passage/?search=1+Kgs+19%3A15&version=ESV"">1 Kgs 19:15</a>, <a href=""https://www.biblegateway.com/passage/?search=1+Kgs+20%3A34&version=ESV"">1 Kgs 20:34</a>",,,,,,,
Damascus,36.313449,33.519299,1,bible,,"<a href=""https://www.biblegateway.com/passage/?search=2+Kgs+5%3A12&version=ESV"">2 Kgs 5:12</a>, <a href=""https://www.biblegateway.com/passage/?search=2+Kgs+8%3A7&version=ESV"">2 Kgs 8:7</a>, <a href=""https://www.biblegateway.com/passage/?search=2+Kgs+8%3A9&version=ESV"">2 Kgs 8:9</a>, <a href=""https://www.biblegateway.com/passage/?search=2+Kgs+14%3A28&version=ESV"">2 Kgs 14:28</a>, <a href=""https://www.biblegateway.com/passage/?search=2+Kgs+16%3A9&version=ESV"">2 Kgs 16:9</a>, <a href=""https://www.biblegateway.com/passage/?search=2+Kgs+16%3A10&version=ESV"">2 Kgs 16:10</a>, <a href=""https://www.biblegateway.com/passage/?search=2+Kgs+16%3A11&version=ESV"">2 Kgs 16:11</a>, <a href=""https://www.biblegateway.com/passage/?search=2+Kgs+16%3A12&version=ESV"">2 Kgs 16:12</a>",,,,,,,
Damascus,36.313449,33.519299,1,bible,,"<a href=""https://www.biblegateway.com/passage/?search=1+Chr+18%3A5&version=ESV"">1 Chr 18:5</a>, <a href=""https://www.biblegateway.com/passage/?search=1+Chr+18%3A6&version=ESV"">1 Chr 18:6</a>",,,,,,,
Damascus,36.313449,33.519299,1,bible,,"<a href=""https://www.biblegateway.com/passage/?search=2+Chr+16%3A2&version=ESV"">2 Chr 16:2</a>, <a href=""https://www.biblegateway.com/passage/?search=2+Chr+24%3A23&version=ESV"">2 Chr 24:23</a>, <a href=""https://www.biblegateway.com/passage/?search=2+Chr+28%3A5&version=ESV"">2 Chr 28:5</a>, <a href=""https://www.biblegateway.com/passage/?search=2+Chr+28%3A23&version=ESV"">2 Chr 28:23</a>",,,,,,,
Damascus,36.313449,33.519299,1,bible,,"<a href=""https://www.biblegateway.com/passage/?search=Sng+7%3A4&version=ESV"">Sng 7:4</a>",,,,,,,
Damascus,36.313449,33.519299,1,bible,,"<a href=""https://www.biblegateway.com/passage/?search=Isa+7%3A8&version=ESV"">Isa 7:8</a>, <a href=""https://www.biblegateway.com/passage/?search=Isa+8%3A4&version=ESV"">Isa 8:4</a>, <a href=""https://www.biblegateway.com/passage/?search=Isa+10%3A9&version=ESV"">Isa 10:9</a>, <a href=""https://www.biblegateway.com/passage/?search=Isa+17%3A1&version=ESV"">Isa 17:1</a>, <a href=""https://www.biblegateway.com/passage/?search=Isa+17%3A3&version=ESV"">Isa 17:3</a>",,,,,,,
Damascus,36.313449,33.519299,1,bible,,"<a href=""https://www.biblegateway.com/passage/?search=Jer+49%3A23&version=ESV"">Jer 49:23</a>, <a href=""https://www.biblegateway.com/passage/?search=Jer+49%3A24&version=ESV"">Jer 49:24</a>, <a href=""https://www.biblegateway.com/passage/?search=Jer+49%3A27&version=ESV"">Jer 49:27</a>",,,,,,,
Damascus,36.313449,33.519299,1,bible,,"<a href=""https://www.biblegateway.com/passage/?search=Ezek+27%3A18&version=ESV"">Ezek 27:18</a>, <a href=""https://www.biblegateway.com/passage/?search=Ezek+47%3A16&version=ESV"">Ezek 47:16</a>, <a href=""https://www.biblegateway.com/passage/?search=Ezek+47%3A17&version=ESV"">Ezek 47:17</a>, <a href=""https://www.biblegateway.com/passage/?search=Ezek+47%3A18&version=ESV"">Ezek 47:18</a>, <a href=""https://www.biblegateway.com/passage/?search=Ezek+48%3A1&version=ESV"">Ezek 48:1</a>",,,,,,,
Damascus,36.313449,33.519299,1,bible,,"<a href=""https://www.biblegateway.com/passage/?search=Amos+1%3A3&version=ESV"">Amos 1:3</a>, <a href=""https://www.biblegateway.com/passage/?search=Amos+1%3A5&version=ESV"">Amos 1:5</a>, <a href=""https://www.biblegateway.com/passage/?search=Amos+5%3A27&version=ESV"">Amos 5:27</a>",,,,,,,
Damascus,36.313449,33.519299,1,bible,,"<a href=""https://www.biblegateway.com/passage/?search=Zech+9%3A1&version=ESV"">Zech 9:1</a>",,,,,,,
Damascus,36.313449,33.519299,1,bible,,"<a href=""https://www.biblegateway.com/passage/?search=Acts+9%3A2&version=ESV"">Acts 9:2</a>, <a href=""https://www.biblegateway.com/passage/?search=Acts+9%3A3&version=ESV"">Acts 9:3</a>, <a href=""https://www.biblegateway.com/passage/?search=Acts+9%3A8&version=ESV"">Acts 9:8</a>, <a href=""https://www.biblegateway.com/passage/?search=Acts+9%3A10&version=ESV"">Acts 9:10</a>, <a href=""https://www.biblegateway.com/passage/?search=Acts+9%3A19&version=ESV"">Acts 9:19</a>, <a href=""https://www.biblegateway.com/passage/?search=Acts+9%3A22&version=ESV"">Acts 9:22</a>, <a href=""https://www.biblegateway.com/passage/?search=Acts+9%3A27&version=ESV"">Acts 9:27</a>, <a href=""https://www.biblegateway.com/passage/?search=Acts+22%3A5&version=ESV"">Acts 22:5</a>, <a href=""https://www.biblegateway.com/passage/?search=Acts+22%3A6&version=ESV"">Acts 22:6</a>, <a href=""https://www.biblegateway.com/passage/?search=Acts+22%3A10&version=ESV"">Acts 22:10</a>, <a href=""https://www.biblegateway.com/passage/?search=Acts+22%3A11&version=ESV"">Acts 22:11</a>, <a href=""https://www.biblegateway.com/passage/?search=Acts+26%3A12&version=ESV"">Acts 26:12</a>, <a href=""https://www.biblegateway.com/passage/?search=Acts+26%3A20&version=ESV"">Acts 26:20</a>",,,,,,,
Damascus,36.313449,33.519299,1,bible,,"<a href=""https://www.biblegateway.com/passage/?search=2+Cor+11%3A32&version=ESV"">2 Cor 11:32</a>",,,,,,,
Damascus,36.313449,33.519299,1,bible,,"<a href=""https://www.biblegateway.com/passage/?search=Gal+1%3A17&version=ESV"">Gal 1:17</a>",,,,,,,
Bethel,35.221032,31.930539,1,bible,,"<a href=""https://www.biblegateway.com/passage/?search=Gen+12%3A8&version=ESV"">Gen 12:8</a>, <a href=""https://www.biblegateway.com/passage/?search=Gen+13%3A3&version=ESV"">Gen 13:3</a>, <a href=""https://www.biblegateway.com/passage/?search=Gen+28%3A19&version=ESV"">Gen 28:19</a>, <a href=""https://www.biblegateway.com/passage/?search=Gen+31%3A13&version=ESV"">Gen 31:13</a>, <a href=""https://www.biblegateway.com/passage/?search=Gen+35%3A1&version=ESV"">Gen 35:1</a>, <a href=""https://www.biblegateway.com/passage/?search=Gen+35%3A3&version=ESV"">Gen 35:3</a>, <a href=""https://www.biblegateway.com/passage/?search=Gen+35%3A6&version=ESV"">Gen 35:6</a>, <a href=""https://www.biblegateway.com/passage/?search=Gen+35%3A8&version=ESV"">Gen 35:8</a>, <a href=""https://www.biblegateway.com/passage/?search=Gen+35%3A15&version=ESV"">Gen 35:15</a>, <a href=""https://www.biblegateway.com/passage/?search=Gen+35%3A16&version=ESV"">Gen 35:16</a>",,,,,,,
Bethel,35.221032,31.930539,1,bible,,"<a href=""https://www.biblegateway.com/passage/?search=Josh+7%3A2&version=ESV"">Josh 7:2</a>, <a href=""https://www.biblegateway.com/passage/?search=Josh+8%3A9&version=ESV"">Josh 8:9</a>, <a href=""https://www.biblegateway.com/passage/?search=Josh+8%3A12&version=ESV"">Josh 8:12</a>, <a href=""https://www.biblegateway.com/passage/?search=Josh+8%3A17&version=ESV"">Josh 8:17</a>, <a href=""https://www.biblegateway.com/passage/?search=Josh+12%3A9&version=ESV"">Josh 12:9</a>, <a href=""https://www.biblegateway.com/passage/?search=Josh+16%3A1&version=ESV"">Josh 16:1</a>, <a href=""https://www.biblegateway.com/passage/?search=Josh+16%3A2&version=ESV"">Josh 16:2</a>, <a href=""https://www.biblegateway.com/passage/?search=Josh+18%3A13&version=ESV"">Josh 18:13</a>, <a href=""https://www.biblegateway.com/passage/?search=Josh+18%3A22&version=ESV"">Josh 18:22</a>",,,,,,,
Bethel,35.221032,31.930539,1,bible,,"<a href=""https://www.biblegateway.com/passage/?search=Judg+1%3A22&version=ESV"">Judg 1:22</a>, <a href=""https://www.biblegateway.com/passage/?search=Judg+1%3A23&version=ESV"">Judg 1:23</a>, <a href=""https://www.biblegateway.com/passage/?search=Judg+4%3A5&version=ESV"">Judg 4:5</a>, <a href=""https://www.biblegateway.com/passage/?search=Judg+20%3A18&version=ESV"">Judg 20:18</a>, <a href=""https://www.biblegateway.com/passage/?search=Judg+20%3A26&version=ESV"">Judg 20:26</a>, <a href=""https://www.biblegateway.com/passage/?search=Judg+20%3A31&version=ESV"">Judg 20:31</a>, <a href=""https://www.biblegateway.com/passage/?search=Judg+21%3A2&version=ESV"">Judg 21:2</a>, <a href=""https://www.biblegateway.com/passage/?search=Judg+21%3A19&version=ESV"">Judg 21:19</a>",,,,,,,
Bethel,35.221032,31.930539,1,bible,,"<a href=""https://www.biblegateway.com/passage/?search=1+Sam+7%3A16&version=ESV"">1 Sam 7:16</a>, <a href=""https://www.biblegateway.com/passage/?search=1+Sam+10%3A3&version=ESV"">1 Sam 10:3</a>, <a href=""https://www.biblegateway.com/passage/?search=1+Sam+13%3A2&version=ESV"">1 Sam 13:2</a>",,,,,,,
Bethel,35.221032,31.930539,1,bible,,"<a href=""https://www.biblegateway.com/passage/?search=1+Kgs+12%3A29&version=ESV"">1 Kgs 12:29</a>, <a href=""https://www.biblegateway.com/passage/?search=1+Kgs+12%3A32&version=ESV"">1 Kgs 12:32</a>, <a href=""https://www.biblegateway.com/passage/?search=1+Kgs+12%3A33&version=ESV"">1 Kgs 12:33</a>, <a href=""https://www.biblegateway.com/passage/?search=1+Kgs+13%3A1&version=ESV"">1 Kgs 13:1</a>, <a href=""https://www.biblegateway.com/passage/?search=1+Kgs+13%3A4&version=ESV"">1 Kgs 13:4</a>, <a href=""https://www.biblegateway.com/passage/?search=1+Kgs+13%3A10&version=ESV"">1 Kgs 13:10</a>, <a href=""https://www.biblegateway.com/passage/?search=1+Kgs+13%3A11&version=ESV"">1 Kgs 13:11</a>, <a href=""https://www.biblegateway.com/passage/?search=1+Kgs+13%3A32&version=ESV"">1 Kgs 13:32</a>, <a href=""https://www.biblegateway.com/passage/?search=1+Kgs+16%3A34&version=ESV"">1 Kgs 16:34</a>",,,,,,,
Bethel,35.221032,31.930539,1,bible,,"<a href=""https://www.biblegateway.com/passage/?search=2+Kgs+2%3A2&version=ESV"">2 Kgs 2:2</a>, <a href=""https://www.biblegateway.com/passage/?search=2+Kgs+2%3A3&version=ESV"">2 Kgs 2:3</a>, <a href=""https://www.biblegateway.com/passage/?search=2+Kgs+2%3A23&version=ESV"">2 Kgs 2:23</a>, <a href=""https://www.biblegateway.com/passage/?search=2+Kgs+10%3A29&version=ESV"">2 Kgs 10:29</a>, <a href=""https://www.biblegateway.com/passage/?search=2+Kgs+17%3A28&version=ESV"">2 Kgs 17:28</a>, <a href=""https://www.biblegateway.com/passage/?search=2+Kgs+23%3A4&version=ESV"">2 Kgs 23:4</a>, <a href=""https://www.biblegateway.com/passage/?search=2+Kgs+23%3A15&version=ESV"">2 Kgs 23:15</a>, <a href=""https://www.biblegateway.com/passage/?search=2+Kgs+23%3A17&version=ESV"">2 Kgs 23:17</a>, <a href=""https://www.biblegateway.com/passage/?search=2+Kgs+23%3A19&version=ESV"">2 Kgs 23:19</a>",,,,,,,
Bethel,35.221032,31.930539,1,bible,,"<a href=""https://www.biblegateway.com/passage/?search=1+Chr+7%3A28&version=ESV"">1 Chr 7:28</a>",,,,,,,
Bethel,35.221032,31.930539,1,bible,,"<a href=""https://www.biblegateway.com/passage/?search=2+Chr+13%3A19&version=ESV"">2 Chr 13:19</a>",,,,,,,
Bethel,35.221032,31.930539,1,bible,,"<a href=""https://www.biblegateway.com/passage/?search=Ezra+2%3A28&version=ESV"">Ezra 2:28</a>",,,,,,,
Bethel,35.221032,31.930539,1,bible,,"<a href=""https://www.biblegateway.com/passage/?search=Neh+7%3A32&version=ESV"">Neh 7:32</a>, <a href=""https://www.biblegateway.com/passage/?search=Neh+11%3A31&version=ESV"">Neh 11:31</a>",,,,,,,
Bethel,35.221032,31.930539,1,bible,,"<a href=""https://www.biblegateway.com/passage/?search=Jer+48%3A13&version=ESV"">Jer 48:13</a>",,,,,,,
Bethel,35.221032,31.930539,1,bible,,"<a href=""https://www.biblegateway.com/passage/?search=Hos+10%3A15&version=ESV"">Hos 10:15</a>, <a href=""https://www.biblegateway.com/passage/?search=Hos+12%3A4&version=ESV"">Hos 12:4</a>",,,,,,,
Bethel,35.221032,31.930539,1,bible,,"<a href=""https://www.biblegateway.com/passage/?search=Amos+3%3A14&version=ESV"">Amos 3:14</a>, <a href=""https://www.biblegateway.com/passage/?search=Amos+4%3A4&version=ESV"">Amos 4:4</a>, <a href=""https://www.biblegateway.com/passage/?search=Amos+5%3A5&version=ESV"">Amos 5:5</a>, <a href=""https://www.biblegateway.com/passage/?search=Amos+5%3A6&version=ESV"">Amos 5:6</a>, <a href=""https://www.biblegateway.com/passage/?search=Amos+7%3A10&version=ESV"">Amos 7:10</a>, <a href=""https://www.biblegateway.com/passage/?search=Amos+7%3A13&version=ESV"">Amos 7:13</a>",,,,,,,
Bethel,35.221032,31.930539,1,bible,,"<a href=""https://www.biblegateway.com/passage/?search=Zech+7%3A2&version=ESV"">Zech 7:2</a>",,,,,,,
Dan,35.652483,33.248659,1,bible,,"<a href=""https://www.biblegateway.com/passage/?search=Gen+14%3A14&version=ESV"">Gen 14:14</a>",,,,,,,
Dan,35.652483,33.248659,1,bible,,"<a href=""https://www.biblegateway.com/passage/?search=Josh+19%3A47&version=ESV"">Josh 19:47</a>",,,,,,,
Dan,35.652483,33.248659,1,bible,,"<a href=""https://www.biblegateway.com/passage/?search=Judg+18%3A29&version=ESV"">Judg 18:29</a>, <a href=""https://www.biblegateway.com/passage/?search=Judg+20%3A1&version=ESV"">Judg 20:1</a>",,,,,,,
Dan,35.652483,33.248659,1,bible,,"<a href=""https://www.biblegateway.com/passage/?search=1+Sam+3%3A20&version=ESV"">1 Sam 3:20</a>",,,,,,,
Dan,35.652483,33.248659,1,bible,,"<a href=""https://www.biblegateway.com/passage/?search=2+Sam+3%3A10&version=ESV"">2 Sam 3:10</a>, <a href=""https://www.biblegateway.com/passage/?search=2+Sam+17%3A11&version=ESV"">2 Sam 17:11</a>, <a href=""https://www.biblegateway.com/passage/?search=2+Sam+24%3A2&version=ESV"">2 Sam 24:2</a>, <a href=""https://www.biblegateway.com/passage/?search=2+Sam+24%3A6&version=ESV"">2 Sam 24:6</a>, <a href=""https://www.biblegateway.com/passage/?search=2+Sam+24%3A15&version=ESV"">2 Sam 24:15</a>",,,,,,,
Dan,35.652483,33.248659,1,bible,,"<a href=""https://www.biblegateway.com/passage/?search=1+Kgs+4%3A25&version=ESV"">1 Kgs 4:25</a>, <a href=""https://www.biblegateway.com/passage/?search=1+Kgs+12%3A29&version=ESV"">1 Kgs 12:29</a>, <a href=""https://www.biblegateway.com/passage/?search=1+Kgs+12%3A30&version=ESV"">1 Kgs 12:30</a>, <a href=""https://www.biblegateway.com/passage/?search=1+Kgs+15%3A20&version=ESV"">1 Kgs 15:20</a>",,,,,,,
Dan,35.652483,33.248659,1,bible,,"<a href=""https://www.biblegateway.com/passage/?search=2+Kgs+10%3A29&version=ESV"">2 Kgs 10:29</a>",,,,,,,
Dan,35.652483,33.248659,1,bible,,"<a href=""https://www.biblegateway.com/passage/?search=1+Chr+21%3A2&version=ESV"">1 Chr 21:2</a>",,,,,,,
Dan,35.652483,33.248659,1,bible,,"<a href=""https://www.biblegateway.com/passage/?search=2+Chr+16%3A4&version=ESV"">2 Chr 16:4</a>, <a href=""https://www.biblegateway.com/passage/?search=2+Chr+30%3A5&version=ESV"">2 Chr 30:5</a>",,,,,,,
Dan,35.652483,33.248659,1,bible,,"<a href=""https://www.biblegateway.com/passage/?search=Jer+4%3A15&version=ESV"">Jer 4:15</a>, <a href=""https://www.biblegateway.com/passage/?search=Jer+8%3A16&version=ESV"">Jer 8:16</a>",,,,,,,
Gibeah,35.231009,31.823781,1,bible,,"<a href=""https://www.biblegateway.com/passage/?search=Josh+18%3A28&version=ESV"">Josh 18:28</a>, <a href=""https://www.biblegateway.com/passage/?search=Josh+24%3A33&version=ESV"">Josh 24:33</a>",,,,,,,
Gibeah,35.231009,31.823781,1,bible,,"<a href=""https://www.biblegateway.com/passage/?search=Judg+19%3A12&version=ESV"">Judg 19:12</a>, <a href=""https://www.biblegateway.com/passage/?search=Judg+19%3A13&version=ESV"">Judg 19:13</a>, <a href=""https://www.biblegateway.com/passage/?search=Judg+19%3A14&version=ESV"">Judg 19:14</a>, <a href=""https://www.biblegateway.com/passage/?search=Judg+19%3A15&version=ESV"">Judg 19:15</a>, <a href=""https://www.biblegateway.com/passage/?search=Judg+19%3A16&version=ESV"">Judg 19:16</a>, <a href=""https://www.biblegateway.com/passage/?search=Judg+20%3A4&version=ESV"">Judg 20:4</a>, <a href=""https://www.biblegateway.com/passage/?search=Judg+20%3A5&version=ESV"">Judg 20:5</a>, <a href=""https://www.biblegateway.com/passage/?search=Judg+20%3A9&version=ESV"">Judg 20:9</a>, <a href=""https://www.biblegateway.com/passage/?search=Judg+20%3A10&version=ESV"">Judg 20:10</a>, <a href=""https://www.biblegateway.com/passage/?search=Judg+20%3A13&version=ESV"">Judg 20:13</a>, <a href=""https://www.biblegateway.com/passage/?search=Judg+20%3A14&version=ESV"">Judg 20:14</a>, <a href=""https://www.biblegateway.com/passage/?search=Judg+20%3A15&version=ESV"">Judg 20:15</a>, <a href=""https://www.biblegateway.com/passage/?search=Judg+20%3A19&version=ESV"">Judg 20:19</a>, <a href=""https://www.biblegateway.com/passage/?search=Judg+20%3A20&version=ESV"">Judg 20:20</a>, <a href=""https://www.biblegateway.com/passage/?search=Judg+20%3A21&version=ESV"">Judg 20:21</a>, <a href=""https://www.biblegateway.com/passage/?search=Judg+20%3A25&version=ESV"">Judg 20:25</a>, <a href=""https://www.biblegateway.com/passage/?search=Judg+20%3A29&version=ESV"">Judg 20:29</a>, <a href=""https://www.biblegateway.com/passage/?search=Judg+20%3A30&version=ESV"">Judg 20:30</a>, <a href=""https://www.biblegateway.com/passage/?search=Judg+20%3A31&version=ESV"">Judg 20:31</a>, <a href=""https://www.biblegateway.com/passage/?search=Judg+20%3A34&version=ESV"">Judg 20:34</a>, <a href=""https://www.biblegateway.com/passage/?search=Judg+20%3A36&version=ESV"">Judg 20:36</a>, <a href=""https://www.biblegateway.com/passage/?search=Judg+20%3A37&version=ESV"">Judg 20:37</a>, <a href=""https://www.biblegateway.com/passage/?search=Judg+20%3A43&version=ESV"">Judg 20:43</a>",,,,,,,
Gibeah,35.231009,31.823781,1,bible,,"<a href=""https://www.biblegateway.com/passage/?search=1+Sam+10%3A10&version=ESV"">1 Sam 10:10</a>, <a href=""https://www.biblegateway.com/passage/?search=1+Sam+10%3A26&version=ESV"">1 Sam 10:26</a>, <a href=""https://www.biblegateway.com/passage/?search=1+Sam+11%3A4&version=ESV"">1 Sam 11:4</a>, <a href=""https://www.biblegateway.com/passage/?search=1+Sam+13%3A2&version=ESV"">1 Sam 13:2</a>, <a href=""https://www.biblegateway.com/passage/?search=1+Sam+13%3A15&version=ESV"">1 Sam 13:15</a>, <a href=""https://www.biblegateway.com/passage/?search=1+Sam+14%3A2&version=ESV"">1 Sam 14:2</a>, <a href=""https://www.biblegateway.com/passage/?search=1+Sam+14%3A16&version=ESV"">1 Sam 14:16</a>, <a href=""https://www.biblegateway.com/passage/?search=1+Sam+15%3A34&version=ESV"">1 Sam 15:34</a>, <a href=""https://www.biblegateway.com/passage/?search=1+Sam+22%3A6&version=ESV"">1 Sam 22:6</a>, <a href=""https://www.biblegateway.com/passage/?search=1+Sam+23%3A19&version=ESV"">1 Sam 23:19</a>, <a href=""https://www.biblegateway.com/passage/?search=1+Sam+26%3A1&version=ESV"">1 Sam 26:1</a>",,,,,,,
Gibeah,35.231009,31.823781,1,bible,,"<a href=""https://www.biblegateway.com/passage/?search=2+Sam+21%3A6&version=ESV"">2 Sam 21:6</a>, <a href=""https://www.biblegateway.com/passage/?search=2+Sam+23%3A29&version=ESV"">2 Sam 23:29</a>",,,,,,,
Gibeah,35.231009,31.823781,1,bible,,"<a href=""https://www.biblegateway.com/passage/?search=1+Chr+11%3A31&version=ESV"">1 Chr 11:31</a>, <a href=""https://www.biblegateway.com/passage/?search=1+Chr+12%3A3&version=ESV"">1 Chr 12:3</a>",,,,,,,
Gibeah,35.231009,31.823781,1,bible,,"<a href=""https://www.biblegateway.com/passage/?search=Isa+10%3A29&version=ESV"">Isa 10:29</a>",,,,,,,
Gibeah,35.231009,31.823781,1,bible,,"<a href=""https://www.biblegateway.com/passage/?search=Hos+5%3A8&version=ESV"">Hos 5:8</a>, <a href=""https://www.biblegateway.com/passage/?search=Hos+9%3A9&version=ESV"">Hos 9:9</a>, <a href=""https://www.biblegateway.com/passage/?search=Hos+10%3A9&version=ESV"">Hos 10:9</a>",,,,,,,
Crete,25.007204,35.171239,1,bible,,"<a href=""https://www.biblegateway.com/passage/?search=Acts+27%3A7&version=ESV"">Acts 27:7</a>, <a href=""https://www.biblegateway.com/passage/?search=Acts+27%3A12&version=ESV"">Acts 27:12</a>, <a href=""https://www.biblegateway.com/passage/?search=Acts+27%3A13&version=ESV"">Acts 27:13</a>, <a href=""https://www.biblegateway.com/passage/?search=Acts+27%3A21&version=ESV"">Acts 27:21</a>",,,,,,,
Crete,25.007204,35.171239,1,bible,,"<a href=""https://www.biblegateway.com/passage/?search=Titus+1%3A5&version=ESV"">Titus 1:5</a>",,,,,,,
Babylon,44.420882,32.536503,1,bible,,"<a href=""https://www.biblegateway.com/passage/?search=2+Kgs+17%3A24&version=ESV"">2 Kgs 17:24</a>, <a href=""https://www.biblegateway.com/passage/?search=2+Kgs+17%3A30&version=ESV"">2 Kgs 17:30</a>, <a href=""https://www.biblegateway.com/passage/?search=2+Kgs+20%3A12&version=ESV"">2 Kgs 20:12</a>, <a href=""https://www.biblegateway.com/passage/?search=2+Kgs+20%3A14&version=ESV"">2 Kgs 20:14</a>, <a href=""https://www.biblegateway.com/passage/?search=2+Kgs+20%3A17&version=ESV"">2 Kgs 20:17</a>, <a href=""https://www.biblegateway.com/passage/?search=2+Kgs+20%3A18&version=ESV"">2 Kgs 20:18</a>, <a href=""https://www.biblegateway.com/passage/?search=2+Kgs+24%3A1&version=ESV"">2 Kgs 24:1</a>, <a href=""https://www.biblegateway.com/passage/?search=2+Kgs+24%3A7&version=ESV"">2 Kgs 24:7</a>, <a href=""https://www.biblegateway.com/passage/?search=2+Kgs+24%3A10&version=ESV"">2 Kgs 24:10</a>, <a href=""https://www.biblegateway.com/passage/?search=2+Kgs+24%3A11&version=ESV"">2 Kgs 24:11</a>, <a href=""https://www.biblegateway.com/passage/?search=2+Kgs+24%3A12&version=ESV"">2 Kgs 24:12</a>, <a href=""https://www.biblegateway.com/passage/?search=2+Kgs+24%3A15&version=ESV"">2 Kgs 24:15</a>, <a href=""https://www.biblegateway.com/passage/?search=2+Kgs+24%3A16&version=ESV"">2 Kgs 24:16</a>, <a href=""https://www.biblegateway.com/passage/?search=2+Kgs+24%3A17&version=ESV"">2 Kgs 24:17</a>, <a href=""https://www.biblegateway.com/passage/?search=2+Kgs+24%3A20&version=ESV"">2 Kgs 24:20</a>, <a href=""https://www.biblegateway.com/passage/?search=2+Kgs+25%3A1&version=ESV"">2 Kgs 25:1</a>, <a href=""https://www.biblegateway.com/passage/?search=2+Kgs+25%3A6&version=ESV"">2 Kgs 25:6</a>, <a href=""https://www.biblegateway.com/passage/?search=2+Kgs+25%3A7&version=ESV"">2 Kgs 25:7</a>, <a href=""https://www.biblegateway.com/passage/?search=2+Kgs+25%3A8&version=ESV"">2 Kgs 25:8</a>, <a href=""https://www.biblegateway.com/passage/?search=2+Kgs+25%3A11&version=ESV"">2 Kgs 25:11</a>, <a href=""https://www.biblegateway.com/passage/?search=2+Kgs+25%3A13&version=ESV"">2 Kgs 25:13</a>, <a href=""https://www.biblegateway.com/passage/?search=2+Kgs+25%3A20&version=ESV"">2 Kgs 25:20</a>, <a href=""https://www.biblegateway.com/passage/?search=2+Kgs+25%3A21&version=ESV"">2 Kgs 25:21</a>, <a href=""https://www.biblegateway.com/passage/?search=2+Kgs+25%3A22&version=ESV"">2 Kgs 25:22</a>, <a href=""https://www.biblegateway.com/passage/?search=2+Kgs+25%3A23&version=ESV"">2 Kgs 25:23</a>, <a href=""https://www.biblegateway.com/passage/?search=2+Kgs+25%3A24&version=ESV"">2 Kgs 25:24</a>, <a href=""https://www.biblegateway.com/passage/?search=2+Kgs+25%3A27&version=ESV"">2 Kgs 25:27</a>, <a href=""https://www.biblegateway.com/passage/?search=2+Kgs+25%3A28&version=ESV"">2 Kgs 25:28</a>",,,,,,,
Babylon,44.420882,32.536503,1,bible,,"<a href=""https://www.biblegateway.com/passage/?search=1+Chr+9%3A1&version=ESV"">1 Chr 9:1</a>",,,,,,,
Babylon,44.420882,32.536503,1,bible,,"<a href=""https://www.biblegateway.com/passage/?search=2+Chr+32%3A31&version=ESV"">2 Chr 32:31</a>, <a href=""https://www.biblegateway.com/passage/?search=2+Chr+33%3A11&version=ESV"">2 Chr 33:11</a>, <a href=""https://www.biblegateway.com/passage/?search=2+Chr+36%3A6&version=ESV"">2 Chr 36:6</a>, <a href=""https://www.biblegateway.com/passage/?search=2+Chr+36%3A7&version=ESV"">2 Chr 36:7</a>, <a href=""https://www.biblegateway.com/passage/?search=2+Chr+36%3A10&version=ESV"">2 Chr 36:10</a>, <a href=""https://www.biblegateway.com/passage/?search=2+Chr+36%3A18&version=ESV"">2 Chr 36:18</a>, <a href=""https://www.biblegateway.com/passage/?search=2+Chr+36%3A20&version=ESV"">2 Chr 36:20</a>",,,,,,,
Babylon,44.420882,32.536503,1,bible,,"<a href=""https://www.biblegateway.com/passage/?search=Ezra+2%3A1&version=ESV"">Ezra 2:1</a>, <a href=""https://www.biblegateway.com/passage/?search=Ezra+5%3A12&version=ESV"">Ezra 5:12</a>, <a href=""https://www.biblegateway.com/passage/?search=Ezra+5%3A13&version=ESV"">Ezra 5:13</a>, <a href=""https://www.biblegateway.com/passage/?search=Ezra+5%3A14&version=ESV"">Ezra 5:14</a>, <a href=""https://www.biblegateway.com/passage/?search=Ezra+5%3A17&version=ESV"">Ezra 5:17</a>, <a href=""https://www.biblegateway.com/passage/?search=Ezra+6%3A5&version=ESV"">Ezra 6:5</a>",,,,,,,
Babylon,44.420882,32.536503,1,bible,,"<a href=""https://www.biblegateway.com/passage/?search=Neh+7%3A6&version=ESV"">Neh 7:6</a>, <a href=""https://www.biblegateway.com/passage/?search=Neh+13%3A6&version=ESV"">Neh 13:6</a>",,,,,,,
Babylon,44.420882,32.536503,1,bible,,"<a href=""https://www.biblegateway.com/passage/?search=Est+2%3A6&version=ESV"">Est 2:6</a>",,,,,,,
Babylon,44.420882,32.536503,1,bible,,"<a href=""https://www.biblegateway.com/passage/?search=Ps+87%3A4&version=ESV"">Ps 87:4</a>, <a href=""https://www.biblegateway.com/passage/?search=Ps+137%3A1&version=ESV"">Ps 137:1</a>, <a href=""https://www.biblegateway.com/passage/?search=Ps+137%3A8&version=ESV"">Ps 137:8</a>",,,,,,,
Babylon,44.420882,32.536503,1,bible,,"<a href=""https://www.biblegateway.com/passage/?search=Isa+13%3A1&version=ESV"">Isa 13:1</a>, <a href=""https://www.biblegateway.com/passage/?search=Isa+13%3A19&version=ESV"">Isa 13:19</a>, <a href=""https://www.biblegateway.com/passage/?search=Isa+14%3A4&version=ESV"">Isa 14:4</a>, <a href=""https://www.biblegateway.com/passage/?search=Isa+14%3A22&version=ESV"">Isa 14:22</a>, <a href=""https://www.biblegateway.com/passage/?search=Isa+21%3A9&version=ESV"">Isa 21:9</a>, <a href=""https://www.biblegateway.com/passage/?search=Isa+39%3A1&version=ESV"">Isa 39:1</a>, <a href=""https://www.biblegateway.com/passage/?search=Isa+39%3A3&version=ESV"">Isa 39:3</a>, <a href=""https://www.biblegateway.com/passage/?search=Isa+39%3A6&version=ESV"">Isa 39:6</a>, <a href=""https://www.biblegateway.com/passage/?search=Isa+39%3A7&version=ESV"">Isa 39:7</a>, <a href=""https://www.biblegateway.com/passage/?search=Isa+43%3A14&version=ESV"">Isa 43:14</a>, <a href=""https://www.biblegateway.com/passage/?search=Isa+47%3A1&version=ESV"">Isa 47:1</a>, <a href=""https://www.biblegateway.com/passage/?search=Isa+48%3A14&version=ESV"">Isa 48:14</a>, <a href=""https://www.biblegateway.com/passage/?search=Isa+48%3A20&version=ESV"">Isa 48:20</a>",,,,,,,
Babylon,44.420882,32.536503,1,bible,,"<a href=""https://www.biblegateway.com/passage/?search=Jer+20%3A4&version=ESV"">Jer 20:4</a>, <a href=""https://www.biblegateway.com/passage/?search=Jer+20%3A5&version=ESV"">Jer 20:5</a>, <a href=""https://www.biblegateway.com/passage/?search=Jer+20%3A6&version=ESV"">Jer 20:6</a>, <a href=""https://www.biblegateway.com/passage/?search=Jer+21%3A2&version=ESV"">Jer 21:2</a>, <a href=""https://www.biblegateway.com/passage/?search=Jer+21%3A4&version=ESV"">Jer 21:4</a>, <a href=""https://www.biblegateway.com/passage/?search=Jer+21%3A7&version=ESV"">Jer 21:7</a>, <a href=""https://www.biblegateway.com/passage/?search=Jer+21%3A10&version=ESV"">Jer 21:10</a>, <a href=""https://www.biblegateway.com/passage/?search=Jer+22%3A25&version=ESV"">Jer 22:25</a>, <a href=""https://www.biblegateway.com/passage/?search=Jer+24%3A1&version=ESV"">Jer 24:1</a>, <a href=""https://www.biblegateway.com/passage/?search=Jer+25%3A1&version=ESV"">Jer 25:1</a>, <a href=""https://www.biblegateway.com/passage/?search=Jer+25%3A9&version=ESV"">Jer 25:9</a>, <a href=""https://www.biblegateway.com/passage/?search=Jer+25%3A11&version=ESV"">Jer 25:11</a>, <a href=""https://www.biblegateway.com/passage/?search=Jer+25%3A12&version=ESV"">Jer 25:12</a>, <a href=""https://www.biblegateway.com/passage/?search=Jer+25%3A26&version=ESV"">Jer 25:26</a>, <a href=""https://www.biblegateway.com/passage/?search=Jer+27%3A6&version=ESV"">Jer 27:6</a>, <a href=""https://www.biblegateway.com/passage/?search=Jer+27%3A8&version=ESV"">Jer 27:8</a>, <a href=""https://www.biblegateway.com/passage/?search=Jer+27%3A9&version=ESV"">Jer 27:9</a>, <a href=""https://www.biblegateway.com/passage/?search=Jer+27%3A11&version=ESV"">Jer 27:11</a>, <a href=""https://www.biblegateway.com/passage/?search=Jer+27%3A12&version=ESV"">Jer 27:12</a>, <a href=""https://www.biblegateway.com/passage/?search=Jer+27%3A13&version=ESV"">Jer 27:13</a>, <a href=""https://www.biblegateway.com/passage/?search=Jer+27%3A14&version=ESV"">Jer 27:14</a>, <a href=""https://www.biblegateway.com/passage/?search=Jer+27%3A16&version=ESV"">Jer 27:16</a>, <a href=""https://www.biblegateway.com/passage/?search=Jer+27%3A17&version=ESV"">Jer 27:17</a>, <a href=""https://www.biblegateway.com/passage/?search=Jer+27%3A18&version=ESV"">Jer 27:18</a>, <a href=""https://www.biblegateway.com/passage/?search=Jer+27%3A20&version=ESV"">Jer 27:20</a>, <a href=""https://www.biblegateway.com/passage/?search=Jer+27%3A22&version=ESV"">Jer 27:22</a>, <a href=""https://www.biblegateway.com/passage/?search=Jer+28%3A2&version=ESV"">Jer 28:2</a>, <a href=""https://www.biblegateway.com/passage/?search=Jer+28%3A3&version=ESV"">Jer 28:3</a>, <a href=""https://www.biblegateway.com/passage/?search=Jer+28%3A4&version=ESV"">Jer 28:4</a>, <a href=""https://www.biblegateway.com/passage/?search=Jer+28%3A6&version=ESV"">Jer 28:6</a>, <a href=""https://www.biblegateway.com/passage/?search=Jer+28%3A11&version=ESV"">Jer 28:11</a>, <a href=""https://www.biblegateway.com/passage/?search=Jer+28%3A14&version=ESV"">Jer 28:14</a>, <a href=""https://www.biblegateway.com/passage/?search=Jer+29%3A1&version=ESV"">Jer 29:1</a>, <a href=""https://www.biblegateway.com/passage/?search=Jer+29%3A3&version=ESV"">Jer 29:3</a>, <a href=""https://www.biblegateway.com/passage/?search=Jer+29%3A4&version=ESV"">Jer 29:4</a>, <a href=""https://www.biblegateway.com/passage/?search=Jer+29%3A10&version=ESV"">Jer 29:10</a>, <a href=""https://www.biblegateway.com/passage/?search=Jer+29%3A15&version=ESV"">Jer 29:15</a>, <a href=""https://www.biblegateway.com/passage/?search=Jer+29%3A20&version=ESV"">Jer 29:20</a>, <a href=""https://www.biblegateway.com/passage/?search=Jer+29%3A21&version=ESV"">Jer 29:21</a>, <a href=""https://www.biblegateway.com/passage/?search=Jer+29%3A22&version=ESV"">Jer 29:22</a>, <a href=""https://www.biblegateway.com/passage/?search=Jer+29%3A28&version=ESV"">Jer 29:28</a>, <a href=""https://www.biblegateway.com/passage/?search=Jer+32%3A2&version=ESV"">Jer 32:2</a>, <a href=""https://www.biblegateway.com/passage/?search=Jer+32%3A3&version=ESV"">Jer 32:3</a>, <a href=""https://www.biblegateway.com/passage/?search=Jer+32%3A4&version=ESV"">Jer 32:4</a>, <a href=""https://www.biblegateway.com/passage/?search=Jer+32%3A5&version=ESV"">Jer 32:5</a>, <a href=""https://www.biblegateway.com/passage/?search=Jer+32%3A28&version=ESV"">Jer 32:28</a>, <a href=""https://www.biblegateway.com/passage/?search=Jer+32%3A36&version=ESV"">Jer 32:36</a>, <a href=""https://www.biblegateway.com/passage/?search=Jer+34%3A1&version=ESV"">Jer 34:1</a>, <a href=""https://www.biblegateway.com/passage/?search=Jer+34%3A2&version=ESV"">Jer 34:2</a>, <a href=""https://www.biblegateway.com/passage/?search=Jer+34%3A3&version=ESV"">Jer 34:3</a>, <a href=""https://www.biblegateway.com/passage/?search=Jer+34%3A7&version=ESV"">Jer 34:7</a>, <a href=""https://www.biblegateway.com/passage/?search=Jer+34%3A21&version=ESV"">Jer 34:21</a>, <a href=""https://www.biblegateway.com/passage/?search=Jer+35%3A11&version=ESV"">Jer 35:11</a>, <a href=""https://www.biblegateway.com/passage/?search=Jer+36%3A29&version=ESV"">Jer 36:29</a>, <a href=""https://www.biblegateway.com/passage/?search=Jer+37%3A1&version=ESV"">Jer 37:1</a>, <a href=""https://www.biblegateway.com/passage/?search=Jer+37%3A17&version=ESV"">Jer 37:17</a>, <a href=""https://www.biblegateway.com/passage/?search=Jer+37%3A19&version=ESV"">Jer 37:19</a>, <a href=""https://www.biblegateway.com/passage/?search=Jer+38%3A3&version=ESV"">Jer 38:3</a>, <a href=""https://www.biblegateway.com/passage/?search=Jer+38%3A17&version=ESV"">Jer 38:17</a>, <a href=""https://www.biblegateway.com/passage/?search=Jer+38%3A18&version=ESV"">Jer 38:18</a>, <a href=""https://www.biblegateway.com/passage/?search=Jer+38%3A22&version=ESV"">Jer 38:22</a>, <a href=""https://www.biblegateway.com/passage/?search=Jer+38%3A23&version=ESV"">Jer 38:23</a>, <a href=""https://www.biblegateway.com/passage/?search=Jer+39%3A1&version=ESV"">Jer 39:1</a>, <a href=""https://www.biblegateway.com/passage/?search=Jer+39%3A3&version=ESV"">Jer 39:3</a>, <a href=""https://www.biblegateway.com/passage/?search=Jer+39%3A5&version=ESV"">Jer 39:5</a>, <a href=""https://www.biblegateway.com/passage/?search=Jer+39%3A6&version=ESV"">Jer 39:6</a>, <a href=""https://www.biblegateway.com/passage/?search=Jer+39%3A7&version=ESV"">Jer 39:7</a>, <a href=""https://www.biblegateway.com/passage/?search=Jer+39%3A9&version=ESV"">Jer 39:9</a>, <a href=""https://www.biblegateway.com/passage/?search=Jer+39%3A11&version=ESV"">Jer 39:11</a>, <a href=""https://www.biblegateway.com/passage/?search=Jer+39%3A13&version=ESV"">Jer 39:13</a>, <a href=""https://www.biblegateway.com/passage/?search=Jer+40%3A1&version=ESV"">Jer 40:1</a>, <a href=""https://www.biblegateway.com/passage/?search=Jer+40%3A4&version=ESV"">Jer 40:4</a>, <a href=""https://www.biblegateway.com/passage/?search=Jer+40%3A5&version=ESV"">Jer 40:5</a>, <a href=""https://www.biblegateway.com/passage/?search=Jer+40%3A7&version=ESV"">Jer 40:7</a>, <a href=""https://www.biblegateway.com/passage/?search=Jer+40%3A9&version=ESV"">Jer 40:9</a>, <a href=""https://www.biblegateway.com/passage/?search=Jer+40%3A11&version=ESV"">Jer 40:11</a>, <a href=""https://www.biblegateway.com/passage/?search=Jer+41%3A2&version=ESV"">Jer 41:2</a>, <a href=""https://www.biblegateway.com/passage/?search=Jer+41%3A18&version=ESV"">Jer 41:18</a>, <a href=""https://www.biblegateway.com/passage/?search=Jer+42%3A11&version=ESV"">Jer 42:11</a>, <a href=""https://www.biblegateway.com/passage/?search=Jer+43%3A3&version=ESV"">Jer 43:3</a>, <a href=""https://www.biblegateway.com/passage/?search=Jer+43%3A10&version=ESV"">Jer 43:10</a>, <a href=""https://www.biblegateway.com/passage/?search=Jer+44%3A30&version=ESV"">Jer 44:30</a>, <a href=""https://www.biblegateway.com/passage/?search=Jer+46%3A2&version=ESV"">Jer 46:2</a>, <a href=""https://www.biblegateway.com/passage/?search=Jer+46%3A13&version=ESV"">Jer 46:13</a>, <a href=""https://www.biblegateway.com/passage/?search=Jer+46%3A26&version=ESV"">Jer 46:26</a>, <a href=""https://www.biblegateway.com/passage/?search=Jer+49%3A28&version=ESV"">Jer 49:28</a>, <a href=""https://www.biblegateway.com/passage/?search=Jer+49%3A30&version=ESV"">Jer 49:30</a>, <a href=""https://www.biblegateway.com/passage/?search=Jer+50%3A1&version=ESV"">Jer 50:1</a>, <a href=""https://www.biblegateway.com/passage/?search=Jer+50%3A2&version=ESV"">Jer 50:2</a>, <a href=""https://www.biblegateway.com/passage/?search=Jer+50%3A8&version=ESV"">Jer 50:8</a>, <a href=""https://www.biblegateway.com/passage/?search=Jer+50%3A9&version=ESV"">Jer 50:9</a>, <a href=""https://www.biblegateway.com/passage/?search=Jer+50%3A13&version=ESV"">Jer 50:13</a>, <a href=""https://www.biblegateway.com/passage/?search=Jer+50%3A14&version=ESV"">Jer 50:14</a>, <a href=""https://www.biblegateway.com/passage/?search=Jer+50%3A16&version=ESV"">Jer 50:16</a>, <a href=""https://www.biblegateway.com/passage/?search=Jer+50%3A17&version=ESV"">Jer 50:17</a>, <a href=""https://www.biblegateway.com/passage/?search=Jer+50%3A18&version=ESV"">Jer 50:18</a>, <a href=""https://www.biblegateway.com/passage/?search=Jer+50%3A23&version=ESV"">Jer 50:23</a>, <a href=""https://www.biblegateway.com/passage/?search=Jer+50%3A24&version=ESV"">Jer 50:24</a>, <a href=""https://www.biblegateway.com/passage/?search=Jer+50%3A28&version=ESV"">Jer 50:28</a>, <a href=""https://www.biblegateway.com/passage/?search=Jer+50%3A29&version=ESV"">Jer 50:29</a>, <a href=""https://www.biblegateway.com/passage/?search=Jer+50%3A34&version=ESV"">Jer 50:34</a>, <a href=""https://www.biblegateway.com/passage/?search=Jer+50%3A35&version=ESV"">Jer 50:35</a>, <a href=""https://www.biblegateway.com/passage/?search=Jer+50%3A39&version=ESV"">Jer 50:39</a>, <a href=""https://www.biblegateway.com/passage/?search=Jer+50%3A42&version=ESV"">Jer 50:42</a>, <a href=""https://www.biblegateway.com/passage/?search=Jer+50%3A43&version=ESV"">Jer 50:43</a>, <a href=""https://www.biblegateway.com/passage/?search=Jer+50%3A45&version=ESV"">Jer 50:45</a>, <a href=""https://www.biblegateway.com/passage/?search=Jer+50%3A46&version=ESV"">Jer 50:46</a>, <a href=""https://www.biblegateway.com/passage/?search=Jer+51%3A1&version=ESV"">Jer 51:1</a>, <a href=""https://www.biblegateway.com/passage/?search=Jer+51%3A2&version=ESV"">Jer 51:2</a>, <a href=""https://www.biblegateway.com/passage/?search=Jer+51%3A6&version=ESV"">Jer 51:6</a>, <a href=""https://www.biblegateway.com/passage/?search=Jer+51%3A7&version=ESV"">Jer 51:7</a>, <a href=""https://www.biblegateway.com/passage/?search=Jer+51%3A8&version=ESV"">Jer 51:8</a>, <a href=""https://www.biblegateway.com/passage/?search=Jer+51%3A9&version=ESV"">Jer 51:9</a>, <a href=""https://www.biblegateway.com/passage/?search=Jer+51%3A11&version=ESV"">Jer 51:11</a>, <a href=""https://www.biblegateway.com/passage/?search=Jer+51%3A12&version=ESV"">Jer 51:12</a>, <a href=""https://www.biblegateway.com/passage/?search=Jer+51%3A24&version=ESV"">Jer 51:24</a>, <a href=""https://www.biblegateway.com/passage/?search=Jer+51%3A29&version=ESV"">Jer 51:29</a>, <a href=""https://www.biblegateway.com/passage/?search=Jer+51%3A30&version=ESV"">Jer 51:30</a>, <a href=""https://www.biblegateway.com/passage/?search=Jer+51%3A31&version=ESV"">Jer 51:31</a>, <a href=""https://www.biblegateway.com/passage/?search=Jer+51%3A33&version=ESV"">Jer 51:33</a>, <a href=""https://www.biblegateway.com/passage/?search=Jer+51%3A34&version=ESV"">Jer 51:34</a>, <a href=""https://www.biblegateway.com/passage/?search=Jer+51%3A35&version=ESV"">Jer 51:35</a>, <a href=""https://www.biblegateway.com/passage/?search=Jer+51%3A37&version=ESV"">Jer 51:37</a>, <a href=""https://www.biblegateway.com/passage/?search=Jer+51%3A41&version=ESV"">Jer 51:41</a>, <a href=""https://www.biblegateway.com/passage/?search=Jer+51%3A42&version=ESV"">Jer 51:42</a>, <a href=""https://www.biblegateway.com/passage/?search=Jer+51%3A44&version=ESV"">Jer 51:44</a>, <a href=""https://www.biblegateway.com/passage/?search=Jer+51%3A47&version=ESV"">Jer 51:47</a>, <a href=""https://www.biblegateway.com/passage/?search=Jer+51%3A48&version=ESV"">Jer 51:48</a>, <a href=""https://www.biblegateway.com/passage/?search=Jer+51%3A49&version=ESV"">Jer 51:49</a>, <a href=""https://www.biblegateway.com/passage/?search=Jer+51%3A53&version=ESV"">Jer 51:53</a>, <a href=""https://www.biblegateway.com/passage/?search=Jer+51%3A54&version=ESV"">Jer 51:54</a>, <a href=""https://www.biblegateway.com/passage/?search=Jer+51%3A55&version=ESV"">Jer 51:55</a>, <a href=""https://www.biblegateway.com/passage/?search=Jer+51%3A56&version=ESV"">Jer 51:56</a>, <a href=""https://www.biblegateway.com/passage/?search=Jer+51%3A58&version=ESV"">Jer 51:58</a>, <a href=""https://www.biblegateway.com/passage/?search=Jer+51%3A59&version=ESV"">Jer 51:59</a>, <a href=""https://www.biblegateway.com/passage/?search=Jer+51%3A60&version=ESV"">Jer 51:60</a>, <a href=""https://www.biblegateway.com/passage/?search=Jer+51%3A61&version=ESV"">Jer 51:61</a>, <a href=""https://www.biblegateway.com/passage/?search=Jer+51%3A64&version=ESV"">Jer 51:64</a>, <a href=""https://www.biblegateway.com/passage/?search=Jer+52%3A3&version=ESV"">Jer 52:3</a>, <a href=""https://www.biblegateway.com/passage/?search=Jer+52%3A4&version=ESV"">Jer 52:4</a>, <a href=""https://www.biblegateway.com/passage/?search=Jer+52%3A9&version=ESV"">Jer 52:9</a>, <a href=""https://www.biblegateway.com/passage/?search=Jer+52%3A10&version=ESV"">Jer 52:10</a>, <a href=""https://www.biblegateway.com/passage/?search=Jer+52%3A11&version=ESV"">Jer 52:11</a>, <a href=""https://www.biblegateway.com/passage/?search=Jer+52%3A12&version=ESV"">Jer 52:12</a>, <a href=""https://www.biblegateway.com/passage/?search=Jer+52%3A15&version=ESV"">Jer 52:15</a>, <a href=""https://www.biblegateway.com/passage/?search=Jer+52%3A17&version=ESV"">Jer 52:17</a>, <a href=""https://www.biblegateway.com/passage/?search=Jer+52%3A26&version=ESV"">Jer 52:26</a>, <a href=""https://www.biblegateway.com/passage/?search=Jer+52%3A27&version=ESV"">Jer 52:27</a>, <a href=""https://www.biblegateway.com/passage/?search=Jer+52%3A31&version=ESV"">Jer 52:31</a>, <a href=""https://www.biblegateway.com/passage/?search=Jer+52%3A32&version=ESV"">Jer 52:32</a>",,,,,,,
Babylon,44.420882,32.536503,1,bible,,"<a href=""https://www.biblegateway.com/passage/?search=Ezek+12%3A13&version=ESV"">Ezek 12:13</a>, <a href=""https://www.biblegateway.com/passage/?search=Ezek+17%3A12&version=ESV"">Ezek 17:12</a>, <a href=""https://www.biblegateway.com/passage/?search=Ezek+17%3A16&version=ESV"">Ezek 17:16</a>, <a href=""https://www.biblegateway.com/passage/?search=Ezek+17%3A20&version=ESV"">Ezek 17:20</a>, <a href=""https://www.biblegateway.com/passage/?search=Ezek+19%3A9&version=ESV"">Ezek 19:9</a>, <a href=""https://www.biblegateway.com/passage/?search=Ezek+21%3A19&version=ESV"">Ezek 21:19</a>, <a href=""https://www.biblegateway.com/passage/?search=Ezek+21%3A21&version=ESV"">Ezek 21:21</a>, <a href=""https://www.biblegateway.com/passage/?search=Ezek+24%3A2&version=ESV"">Ezek 24:2</a>, <a href=""https://www.biblegateway.com/passage/?search=Ezek+26%3A7&version=ESV"">Ezek 26:7</a>, <a href=""https://www.biblegateway.com/passage/?search=Ezek+29%3A18&version=ESV"">Ezek 29:18</a>, <a href=""https://www.biblegateway.com/passage/?search=Ezek+29%3A19&version=ESV"">Ezek 29:19</a>, <a href=""https://www.biblegateway.com/passage/?search=Ezek+30%3A10&version=ESV"">Ezek 30:10</a>, <a href=""https://www.biblegateway.com/passage/?search=Ezek+30%3A24&version=ESV"">Ezek 30:24</a>, <a href=""https://www.biblegateway.com/passage/?search=Ezek+30%3A25&version=ESV"">Ezek 30:25</a>, <a href=""https://www.biblegateway.com/passage/?search=Ezek+32%3A11&version=ESV"">Ezek 32:11</a>",,,,,,,
Babylon,44.420882,32.536503,1,bible,,"<a href=""https://www.biblegateway.com/passage/?search=Dan+1%3A1&version=ESV"">Dan 1:1</a>, <a href=""https://www.biblegateway.com/passage/?search=Dan+2%3A12&version=ESV"">Dan 2:12</a>, <a href=""https://www.biblegateway.com/passage/?search=Dan+2%3A14&version=ESV"">Dan 2:14</a>, <a href=""https://www.biblegateway.com/passage/?search=Dan+2%3A18&version=ESV"">Dan 2:18</a>, <a href=""https://www.biblegateway.com/passage/?search=Dan+2%3A24&version=ESV"">Dan 2:24</a>, <a href=""https://www.biblegateway.com/passage/?search=Dan+2%3A48&version=ESV"">Dan 2:48</a>, <a href=""https://www.biblegateway.com/passage/?search=Dan+2%3A49&version=ESV"">Dan 2:49</a>, <a href=""https://www.biblegateway.com/passage/?search=Dan+3%3A1&version=ESV"">Dan 3:1</a>, <a href=""https://www.biblegateway.com/passage/?search=Dan+3%3A12&version=ESV"">Dan 3:12</a>, <a href=""https://www.biblegateway.com/passage/?search=Dan+3%3A30&version=ESV"">Dan 3:30</a>, <a href=""https://www.biblegateway.com/passage/?search=Dan+4%3A6&version=ESV"">Dan 4:6</a>, <a href=""https://www.biblegateway.com/passage/?search=Dan+4%3A29&version=ESV"">Dan 4:29</a>, <a href=""https://www.biblegateway.com/passage/?search=Dan+4%3A30&version=ESV"">Dan 4:30</a>, <a href=""https://www.biblegateway.com/passage/?search=Dan+5%3A7&version=ESV"">Dan 5:7</a>, <a href=""https://www.biblegateway.com/passage/?search=Dan+7%3A1&version=ESV"">Dan 7:1</a>",,,,,,,
Babylon,44.420882,32.536503,1,bible,,"<a href=""https://www.biblegateway.com/passage/?search=Mic+4%3A10&version=ESV"">Mic 4:10</a>",,,,,,,
Babylon,44.420882,32.536503,1,bible,,"<a href=""https://www.biblegateway.com/passage/?search=Zech+2%3A7&version=ESV"">Zech 2:7</a>, <a href=""https://www.biblegateway.com/passage/?search=Zech+6%3A10&version=ESV"">Zech 6:10</a>",,,,,,,
Babylon,44.420882,32.536503,1,bible,,"<a href=""https://www.biblegateway.com/passage/?search=Matt+1%3A11&version=ESV"">Matt 1:11</a>, <a href=""https://www.biblegateway.com/passage/?search=Matt+1%3A12&version=ESV"">Matt 1:12</a>, <a href=""https://www.biblegateway.com/passage/?search=Matt+1%3A17&version=ESV"">Matt 1:17</a>",,,,,,,
Babylon,44.420882,32.536503,1,bible,,"<a href=""https://www.biblegateway.com/passage/?search=Acts+7%3A43&version=ESV"">Acts 7:43</a>",,,,,,,
Babylon,44.420882,32.536503,1,bible,,"<a href=""https://www.biblegateway.com/passage/?search=1+Pet+5%3A13&version=ESV"">1 Pet 5:13</a>",,,,,,,
Babylon,44.420882,32.536503,1,bible,,"<a href=""https://www.biblegateway.com/passage/?search=Rev+14%3A8&version=ESV"">Rev 14:8</a>, <a href=""https://www.biblegateway.com/passage/?search=Rev+16%3A19&version=ESV"">Rev 16:19</a>, <a href=""https://www.biblegateway.com/passage/?search=Rev+17%3A5&version=ESV"">Rev 17:5</a>, <a href=""https://www.biblegateway.com/passage/?search=Rev+18%3A2&version=ESV"">Rev 18:2</a>, <a href=""https://www.biblegateway.com/passage/?search=Rev+18%3A10&version=ESV"">Rev 18:10</a>, <a href=""https://www.biblegateway.com/passage/?search=Rev+18%3A21&version=ESV"">Rev 18:21</a>",,,,,,,
Cyrene,21.858301,32.824979,1,bible,,"<a href=""https://www.biblegateway.com/passage/?search=Matt+27%3A32&version=ESV"">Matt 27:32</a>",,,,,,,
Cyrene,21.858301,32.824979,1,bible,,"<a href=""https://www.biblegateway.com/passage/?search=Mark+15%3A21&version=ESV"">Mark 15:21</a>",,,,,,,
Cyrene,21.858301,32.824979,1,bible,,"<a href=""https://www.biblegateway.com/passage/?search=Luke+23%3A26&version=ESV"">Luke 23:26</a>",,,,,,,
Cyrene,21.858301,32.824979,1,bible,,"<a href=""https://www.biblegateway.com/passage/?search=Acts+2%3A10&version=ESV"">Acts 2:10</a>, <a href=""https://www.biblegateway.com/passage/?search=Acts+11%3A20&version=ESV"">Acts 11:20</a>, <a href=""https://www.biblegateway.com/passage/?search=Acts+13%3A1&version=ESV"">Acts 13:1</a>",,,,,,,
Syrtis,18.505556,31.766667,1,bible,,"<a href=""https://www.biblegateway.com/passage/?search=Acts+27%3A17&version=ESV"">Acts 27:17</a>",,,,,,,
Susa,48.257886,32.189191,1,bible,,"<a href=""https://www.biblegateway.com/passage/?search=Ezra+4%3A9&version=ESV"">Ezra 4:9</a>",,,,,,,
Susa,48.257886,32.189191,1,bible,,"<a href=""https://www.biblegateway.com/passage/?search=Neh+1%3A1&version=ESV"">Neh 1:1</a>",,,,,,,
Susa,48.257886,32.189191,1,bible,,"<a href=""https://www.biblegateway.com/passage/?search=Est+1%3A2&version=ESV"">Est 1:2</a>, <a href=""https://www.biblegateway.com/passage/?search=Est+1%3A5&version=ESV"">Est 1:5</a>, <a href=""https://www.biblegateway.com/passage/?search=Est+2%3A3&version=ESV"">Est 2:3</a>, <a href=""https://www.biblegateway.com/passage/?search=Est+2%3A5&version=ESV"">Est 2:5</a>, <a href=""https://www.biblegateway.com/passage/?search=Est+2%3A8&version=ESV"">Est 2:8</a>, <a href=""https://www.biblegateway.com/passage/?search=Est+3%3A15&version=ESV"">Est 3:15</a>, <a href=""https://www.biblegateway.com/passage/?search=Est+4%3A8&version=ESV"">Est 4:8</a>, <a href=""https://www.biblegateway.com/passage/?search=Est+4%3A16&version=ESV"">Est 4:16</a>, <a href=""https://www.biblegateway.com/passage/?search=Est+8%3A14&version=ESV"">Est 8:14</a>, <a href=""https://www.biblegateway.com/passage/?search=Est+8%3A15&version=ESV"">Est 8:15</a>, <a href=""https://www.biblegateway.com/passage/?search=Est+9%3A6&version=ESV"">Est 9:6</a>, <a href=""https://www.biblegateway.com/passage/?search=Est+9%3A11&version=ESV"">Est 9:11</a>, <a href=""https://www.biblegateway.com/passage/?search=Est+9%3A12&version=ESV"">Est 9:12</a>, <a href=""https://www.biblegateway.com/passage/?search=Est+9%3A13&version=ESV"">Est 9:13</a>, <a href=""https://www.biblegateway.com/passage/?search=Est+9%3A14&version=ESV"">Est 9:14</a>, <a href=""https://www.biblegateway.com/passage/?search=Est+9%3A15&version=ESV"">Est 9:15</a>, <a href=""https://www.biblegateway.com/passage/?search=Est+9%3A18&version=ESV"">Est 9:18</a>",,,,,,,
Susa,48.257886,32.189191,1,bible,,"<a href=""https://www.biblegateway.com/passage/?search=Dan+8%3A2&version=ESV"">Dan 8:2</a>",,,,,,,
Gath,34.843882,31.693529,1,bible,,"<a href=""https://www.biblegateway.com/passage/?search=Josh+11%3A22&version=ESV"">Josh 11:22</a>, <a href=""https://www.biblegateway.com/passage/?search=Josh+13%3A3&version=ESV"">Josh 13:3</a>",,,,,,,
Gath,34.843882,31.693529,1,bible,,"<a href=""https://www.biblegateway.com/passage/?search=1+Sam+5%3A8&version=ESV"">1 Sam 5:8</a>, <a href=""https://www.biblegateway.com/passage/?search=1+Sam+6%3A17&version=ESV"">1 Sam 6:17</a>, <a href=""https://www.biblegateway.com/passage/?search=1+Sam+7%3A14&version=ESV"">1 Sam 7:14</a>, <a href=""https://www.biblegateway.com/passage/?search=1+Sam+17%3A4&version=ESV"">1 Sam 17:4</a>, <a href=""https://www.biblegateway.com/passage/?search=1+Sam+17%3A23&version=ESV"">1 Sam 17:23</a>, <a href=""https://www.biblegateway.com/passage/?search=1+Sam+17%3A52&version=ESV"">1 Sam 17:52</a>, <a href=""https://www.biblegateway.com/passage/?search=1+Sam+21%3A10&version=ESV"">1 Sam 21:10</a>, <a href=""https://www.biblegateway.com/passage/?search=1+Sam+21%3A12&version=ESV"">1 Sam 21:12</a>, <a href=""https://www.biblegateway.com/passage/?search=1+Sam+27%3A2&version=ESV"">1 Sam 27:2</a>, <a href=""https://www.biblegateway.com/passage/?search=1+Sam+27%3A3&version=ESV"">1 Sam 27:3</a>, <a href=""https://www.biblegateway.com/passage/?search=1+Sam+27%3A4&version=ESV"">1 Sam 27:4</a>, <a href=""https://www.biblegateway.com/passage/?search=1+Sam+27%3A11&version=ESV"">1 Sam 27:11</a>",,,,,,,
Gath,34.843882,31.693529,1,bible,,"<a href=""https://www.biblegateway.com/passage/?search=2+Sam+1%3A20&version=ESV"">2 Sam 1:20</a>, <a href=""https://www.biblegateway.com/passage/?search=2+Sam+15%3A18&version=ESV"">2 Sam 15:18</a>, <a href=""https://www.biblegateway.com/passage/?search=2+Sam+21%3A20&version=ESV"">2 Sam 21:20</a>, <a href=""https://www.biblegateway.com/passage/?search=2+Sam+21%3A22&version=ESV"">2 Sam 21:22</a>",,,,,,,
Gath,34.843882,31.693529,1,bible,,"<a href=""https://www.biblegateway.com/passage/?search=1+Kgs+2%3A39&version=ESV"">1 Kgs 2:39</a>, <a href=""https://www.biblegateway.com/passage/?search=1+Kgs+2%3A40&version=ESV"">1 Kgs 2:40</a>, <a href=""https://www.biblegateway.com/passage/?search=1+Kgs+2%3A41&version=ESV"">1 Kgs 2:41</a>",,,,,,,
Gath,34.843882,31.693529,1,bible,,"<a href=""https://www.biblegateway.com/passage/?search=2+Kgs+12%3A17&version=ESV"">2 Kgs 12:17</a>",,,,,,,
Gath,34.843882,31.693529,1,bible,,"<a href=""https://www.biblegateway.com/passage/?search=1+Chr+7%3A21&version=ESV"">1 Chr 7:21</a>, <a href=""https://www.biblegateway.com/passage/?search=1+Chr+8%3A13&version=ESV"">1 Chr 8:13</a>, <a href=""https://www.biblegateway.com/passage/?search=1+Chr+18%3A1&version=ESV"">1 Chr 18:1</a>, <a href=""https://www.biblegateway.com/passage/?search=1+Chr+20%3A6&version=ESV"">1 Chr 20:6</a>, <a href=""https://www.biblegateway.com/passage/?search=1+Chr+20%3A8&version=ESV"">1 Chr 20:8</a>",,,,,,,
Gath,34.843882,31.693529,1,bible,,"<a href=""https://www.biblegateway.com/passage/?search=2+Chr+11%3A8&version=ESV"">2 Chr 11:8</a>, <a href=""https://www.biblegateway.com/passage/?search=2+Chr+26%3A6&version=ESV"">2 Chr 26:6</a>",,,,,,,
Gath,34.843882,31.693529,1,bible,,"<a href=""https://www.biblegateway.com/passage/?search=Ps+56%3A1&version=ESV"">Ps 56:1</a>",,,,,,,
Gath,34.843882,31.693529,1,bible,,"<a href=""https://www.biblegateway.com/passage/?search=Amos+6%3A2&version=ESV"">Amos 6:2</a>",,,,,,,
Gath,34.843882,31.693529,1,bible,,"<a href=""https://www.biblegateway.com/passage/?search=Mic+1%3A10&version=ESV"">Mic 1:10</a>",,,,,,,
Gaza,34.433364,31.524817,1,bible,,"<a href=""https://www.biblegateway.com/passage/?search=Gen+10%3A19&version=ESV"">Gen 10:19</a>",,,,,,,
Gaza,34.433364,31.524817,1,bible,,"<a href=""https://www.biblegateway.com/passage/?search=Deut+2%3A23&version=ESV"">Deut 2:23</a>",,,,,,,
Gaza,34.433364,31.524817,1,bible,,"<a href=""https://www.biblegateway.com/passage/?search=Josh+10%3A41&version=ESV"">Josh 10:41</a>, <a href=""https://www.biblegateway.com/passage/?search=Josh+11%3A22&version=ESV"">Josh 11:22</a>, <a href=""https://www.biblegateway.com/passage/?search=Josh+13%3A3&version=ESV"">Josh 13:3</a>, <a href=""https://www.biblegateway.com/passage/?search=Josh+15%3A47&version=ESV"">Josh 15:47</a>",,,,,,,
Gaza,34.433364,31.524817,1,bible,,"<a href=""https://www.biblegateway.com/passage/?search=Judg+1%3A18&version=ESV"">Judg 1:18</a>, <a href=""https://www.biblegateway.com/passage/?search=Judg+6%3A4&version=ESV"">Judg 6:4</a>, <a href=""https://www.biblegateway.com/passage/?search=Judg+16%3A1&version=ESV"">Judg 16:1</a>, <a href=""https://www.biblegateway.com/passage/?search=Judg+16%3A21&version=ESV"">Judg 16:21</a>",,,,,,,
Gaza,34.433364,31.524817,1,bible,,"<a href=""https://www.biblegateway.com/passage/?search=1+Sam+6%3A17&version=ESV"">1 Sam 6:17</a>",,,,,,,
Gaza,34.433364,31.524817,1,bible,,"<a href=""https://www.biblegateway.com/passage/?search=1+Kgs+4%3A24&version=ESV"">1 Kgs 4:24</a>",,,,,,,
Gaza,34.433364,31.524817,1,bible,,"<a href=""https://www.biblegateway.com/passage/?search=2+Kgs+18%3A8&version=ESV"">2 Kgs 18:8</a>",,,,,,,
Gaza,34.433364,31.524817,1,bible,,"<a href=""https://www.biblegateway.com/passage/?search=Jer+25%3A20&version=ESV"">Jer 25:20</a>, <a href=""https://www.biblegateway.com/passage/?search=Jer+47%3A1&version=ESV"">Jer 47:1</a>, <a href=""https://www.biblegateway.com/passage/?search=Jer+47%3A5&version=ESV"">Jer 47:5</a>",,,,,,,
Gaza,34.433364,31.524817,1,bible,,"<a href=""https://www.biblegateway.com/passage/?search=Amos+1%3A6&version=ESV"">Amos 1:6</a>, <a href=""https://www.biblegateway.com/passage/?search=Amos+1%3A7&version=ESV"">Amos 1:7</a>",,,,,,,
Gaza,34.433364,31.524817,1,bible,,"<a href=""https://www.biblegateway.com/passage/?search=Zeph+2%3A4&version=ESV"">Zeph 2:4</a>",,,,,,,
Gaza,34.433364,31.524817,1,bible,,"<a href=""https://www.biblegateway.com/passage/?search=Zech+9%3A5&version=ESV"">Zech 9:5</a>",,,,,,,
Gaza,34.433364,31.524817,1,bible,,"<a href=""https://www.biblegateway.com/passage/?search=Acts+8%3A26&version=ESV"">Acts 8:26</a>",,,,,,,
Seleucia,35.926807,36.111017,1,bible,,"<a href=""https://www.biblegateway.com/passage/?search=Acts+13%3A4&version=ESV"">Acts 13:4</a>",,,,,,,
Tigris,43.346466,35.983343,1,bible,,"<a href=""https://www.biblegateway.com/passage/?search=Gen+2%3A14&version=ESV"">Gen 2:14</a>",,,,,,,
Tigris,43.346466,35.983343,1,bible,,"<a href=""https://www.biblegateway.com/passage/?search=Dan+10%3A4&version=ESV"">Dan 10:4</a>",,,,,,,
Rome,12.483333,41.9,1,bible,,"<a href=""https://www.biblegateway.com/passage/?search=Acts+2%3A10&version=ESV"">Acts 2:10</a>, <a href=""https://www.biblegateway.com/passage/?search=Acts+18%3A2&version=ESV"">Acts 18:2</a>, <a href=""https://www.biblegateway.com/passage/?search=Acts+19%3A21&version=ESV"">Acts 19:21</a>, <a href=""https://www.biblegateway.com/passage/?search=Acts+23%3A11&version=ESV"">Acts 23:11</a>, <a href=""https://www.biblegateway.com/passage/?search=Acts+28%3A14&version=ESV"">Acts 28:14</a>, <a href=""https://www.biblegateway.com/passage/?search=Acts+28%3A16&version=ESV"">Acts 28:16</a>",,,,,,,
Rome,12.483333,41.9,1,bible,,"<a href=""https://www.biblegateway.com/passage/?search=Rom+1%3A7&version=ESV"">Rom 1:7</a>, <a href=""https://www.biblegateway.com/passage/?search=Rom+1%3A15&version=ESV"">Rom 1:15</a>",,,,,,,
Rome,12.483333,41.9,1,bible,,"<a href=""https://www.biblegateway.com/passage/?search=2+Tim+1%3A17&version=ESV"">2 Tim 1:17</a>",,,,,,,
Dothan,35.180198,32.420643,1,bible,,"<a href=""https://www.biblegateway.com/passage/?search=Gen+37%3A17&version=ESV"">Gen 37:17</a>",,,,,,,
Dothan,35.180198,32.420643,1,bible,,"<a href=""https://www.biblegateway.com/passage/?search=2+Kgs+6%3A13&version=ESV"">2 Kgs 6:13</a>",,,,,,,
Ur,46.103741,30.962052,1,bible,,"<a href=""https://www.biblegateway.com/passage/?search=Gen+11%3A28&version=ESV"">Gen 11:28</a>, <a href=""https://www.biblegateway.com/passage/?search=Gen+11%3A31&version=ESV"">Gen 11:31</a>, <a href=""https://www.biblegateway.com/passage/?search=Gen+15%3A7&version=ESV"">Gen 15:7</a>",,,,,,,
Ur,46.103741,30.962052,1,bible,,"<a href=""https://www.biblegateway.com/passage/?search=Neh+9%3A7&version=ESV"">Neh 9:7</a>",,,,,,,
Haran,39.032196,36.863864,1,bible,,"<a href=""https://www.biblegateway.com/passage/?search=Gen+11%3A31&version=ESV"">Gen 11:31</a>, <a href=""https://www.biblegateway.com/passage/?search=Gen+11%3A32&version=ESV"">Gen 11:32</a>, <a href=""https://www.biblegateway.com/passage/?search=Gen+12%3A4&version=ESV"">Gen 12:4</a>, <a href=""https://www.biblegateway.com/passage/?search=Gen+12%3A5&version=ESV"">Gen 12:5</a>, <a href=""https://www.biblegateway.com/passage/?search=Gen+27%3A43&version=ESV"">Gen 27:43</a>, <a href=""https://www.biblegateway.com/passage/?search=Gen+28%3A10&version=ESV"">Gen 28:10</a>, <a href=""https://www.biblegateway.com/passage/?search=Gen+29%3A4&version=ESV"">Gen 29:4</a>",,,,,,,
Haran,39.032196,36.863864,1,bible,,"<a href=""https://www.biblegateway.com/passage/?search=2+Kgs+19%3A12&version=ESV"">2 Kgs 19:12</a>",,,,,,,
Haran,39.032196,36.863864,1,bible,,"<a href=""https://www.biblegateway.com/passage/?search=Isa+37%3A12&version=ESV"">Isa 37:12</a>",,,,,,,
Haran,39.032196,36.863864,1,bible,,"<a href=""https://www.biblegateway.com/passage/?search=Ezek+27%3A23&version=ESV"">Ezek 27:23</a>",,,,,,,
Haran,39.032196,36.863864,1,bible,,"<a href=""https://www.biblegateway.com/passage/?search=Acts+7%3A2&version=ESV"">Acts 7:2</a>, <a href=""https://www.biblegateway.com/passage/?search=Acts+7%3A4&version=ESV"">Acts 7:4</a>",,,,,,,
Hamath,36.749488,35.136204,1,bible,,"<a href=""https://www.biblegateway.com/passage/?search=2+Sam+8%3A9&version=ESV"">2 Sam 8:9</a>",,,,,,,
Hamath,36.749488,35.136204,1,bible,,"<a href=""https://www.biblegateway.com/passage/?search=2+Kgs+14%3A28&version=ESV"">2 Kgs 14:28</a>, <a href=""https://www.biblegateway.com/passage/?search=2+Kgs+17%3A24&version=ESV"">2 Kgs 17:24</a>, <a href=""https://www.biblegateway.com/passage/?search=2+Kgs+17%3A30&version=ESV"">2 Kgs 17:30</a>, <a href=""https://www.biblegateway.com/passage/?search=2+Kgs+18%3A34&version=ESV"">2 Kgs 18:34</a>, <a href=""https://www.biblegateway.com/passage/?search=2+Kgs+19%3A13&version=ESV"">2 Kgs 19:13</a>, <a href=""https://www.biblegateway.com/passage/?search=2+Kgs+23%3A33&version=ESV"">2 Kgs 23:33</a>, <a href=""https://www.biblegateway.com/passage/?search=2+Kgs+25%3A21&version=ESV"">2 Kgs 25:21</a>",,,,,,,
Hamath,36.749488,35.136204,1,bible,,"<a href=""https://www.biblegateway.com/passage/?search=1+Chr+18%3A9&version=ESV"">1 Chr 18:9</a>",,,,,,,
Hamath,36.749488,35.136204,1,bible,,"<a href=""https://www.biblegateway.com/passage/?search=2+Chr+8%3A4&version=ESV"">2 Chr 8:4</a>",,,,,,,
Hamath,36.749488,35.136204,1,bible,,"<a href=""https://www.biblegateway.com/passage/?search=Isa+10%3A9&version=ESV"">Isa 10:9</a>, <a href=""https://www.biblegateway.com/passage/?search=Isa+11%3A11&version=ESV"">Isa 11:11</a>, <a href=""https://www.biblegateway.com/passage/?search=Isa+36%3A19&version=ESV"">Isa 36:19</a>, <a href=""https://www.biblegateway.com/passage/?search=Isa+37%3A13&version=ESV"">Isa 37:13</a>",,,,,,,
Hamath,36.749488,35.136204,1,bible,,"<a href=""https://www.biblegateway.com/passage/?search=Jer+39%3A5&version=ESV"">Jer 39:5</a>, <a href=""https://www.biblegateway.com/passage/?search=Jer+49%3A23&version=ESV"">Jer 49:23</a>, <a href=""https://www.biblegateway.com/passage/?search=Jer+52%3A9&version=ESV"">Jer 52:9</a>, <a href=""https://www.biblegateway.com/passage/?search=Jer+52%3A27&version=ESV"">Jer 52:27</a>",,,,,,,
Hamath,36.749488,35.136204,1,bible,,"<a href=""https://www.biblegateway.com/passage/?search=Ezek+47%3A16&version=ESV"">Ezek 47:16</a>, <a href=""https://www.biblegateway.com/passage/?search=Ezek+47%3A17&version=ESV"">Ezek 47:17</a>, <a href=""https://www.biblegateway.com/passage/?search=Ezek+48%3A1&version=ESV"">Ezek 48:1</a>",,,,,,,
Hamath,36.749488,35.136204,1,bible,,"<a href=""https://www.biblegateway.com/passage/?search=Amos+6%3A2&version=ESV"">Amos 6:2</a>",,,,,,,
Hamath,36.749488,35.136204,1,bible,,"<a href=""https://www.biblegateway.com/passage/?search=Zech+9%3A2&version=ESV"">Zech 9:2</a>",,,,,,,
Hermon,35.857256,33.416159,1,bible,,"<a href=""https://www.biblegateway.com/passage/?search=Deut+3%3A9&version=ESV"">Deut 3:9</a>, <a href=""https://www.biblegateway.com/passage/?search=Deut+4%3A48&version=ESV"">Deut 4:48</a>",,,,,,,
Hermon,35.857256,33.416159,1,bible,,"<a href=""https://www.biblegateway.com/passage/?search=Josh+11%3A3&version=ESV"">Josh 11:3</a>",,,,,,,
Hermon,35.857256,33.416159,1,bible,,"<a href=""https://www.biblegateway.com/passage/?search=Ps+42%3A6&version=ESV"">Ps 42:6</a>, <a href=""https://www.biblegateway.com/passage/?search=Ps+89%3A12&version=ESV"">Ps 89:12</a>, <a href=""https://www.biblegateway.com/passage/?search=Ps+133%3A3&version=ESV"">Ps 133:3</a>",,,,,,,
Hermon,35.857256,33.416159,1,bible,,"<a href=""https://www.biblegateway.com/passage/?search=Sng+4%3A8&version=ESV"">Sng 4:8</a>",,,,,,,
Mount Carmel,35.049789,32.729350,1,bible,,"<a href=""https://www.biblegateway.com/passage/?search=1+Kgs+18%3A19&version=ESV"">1 Kgs 18:19</a>, <a href=""https://www.biblegateway.com/passage/?search=1+Kgs+18%3A20&version=ESV"">1 Kgs 18:20</a>, <a href=""https://www.biblegateway.com/passage/?search=1+Kgs+18%3A42&version=ESV"">1 Kgs 18:42</a>",,,,,,,
Mount Carmel,35.049789,32.729350,1,bible,,"<a href=""https://www.biblegateway.com/passage/?search=2+Kgs+2%3A25&version=ESV"">2 Kgs 2:25</a>, <a href=""https://www.biblegateway.com/passage/?search=2+Kgs+4%3A25&version=ESV"">2 Kgs 4:25</a>",,,,,,,
Jordan,35.559900,32.309099,1,bible,,"<a href=""https://www.biblegateway.com/passage/?search=Gen+32%3A10&version=ESV"">Gen 32:10</a>, <a href=""https://www.biblegateway.com/passage/?search=Gen+50%3A10&version=ESV"">Gen 50:10</a>, <a href=""https://www.biblegateway.com/passage/?search=Gen+50%3A11&version=ESV"">Gen 50:11</a>",,,,,,,
Jordan,35.559900,32.309099,1,bible,,"<a href=""https://www.biblegateway.com/passage/?search=Num+13%3A29&version=ESV"">Num 13:29</a>, <a href=""https://www.biblegateway.com/passage/?search=Num+22%3A1&version=ESV"">Num 22:1</a>, <a href=""https://www.biblegateway.com/passage/?search=Num+26%3A3&version=ESV"">Num 26:3</a>, <a href=""https://www.biblegateway.com/passage/?search=Num+26%3A63&version=ESV"">Num 26:63</a>, <a href=""https://www.biblegateway.com/passage/?search=Num+31%3A12&version=ESV"">Num 31:12</a>, <a href=""https://www.biblegateway.com/passage/?search=Num+32%3A5&version=ESV"">Num 32:5</a>, <a href=""https://www.biblegateway.com/passage/?search=Num+32%3A19&version=ESV"">Num 32:19</a>, <a href=""https://www.biblegateway.com/passage/?search=Num+32%3A21&version=ESV"">Num 32:21</a>, <a href=""https://www.biblegateway.com/passage/?search=Num+32%3A29&version=ESV"">Num 32:29</a>, <a href=""https://www.biblegateway.com/passage/?search=Num+32%3A32&version=ESV"">Num 32:32</a>, <a href=""https://www.biblegateway.com/passage/?search=Num+33%3A48&version=ESV"">Num 33:48</a>, <a href=""https://www.biblegateway.com/passage/?search=Num+33%3A49&version=ESV"">Num 33:49</a>, <a href=""https://www.biblegateway.com/passage/?search=Num+33%3A50&version=ESV"">Num 33:50</a>, <a href=""https://www.biblegateway.com/passage/?search=Num+33%3A51&version=ESV"">Num 33:51</a>, <a href=""https://www.biblegateway.com/passage/?search=Num+34%3A12&version=ESV"">Num 34:12</a>, <a href=""https://www.biblegateway.com/passage/?search=Num+34%3A15&version=ESV"">Num 34:15</a>, <a href=""https://www.biblegateway.com/passage/?search=Num+35%3A1&version=ESV"">Num 35:1</a>, <a href=""https://www.biblegateway.com/passage/?search=Num+35%3A10&version=ESV"">Num 35:10</a>, <a href=""https://www.biblegateway.com/passage/?search=Num+35%3A14&version=ESV"">Num 35:14</a>, <a href=""https://www.biblegateway.com/passage/?search=Num+36%3A13&version=ESV"">Num 36:13</a>",,,,,,,
Jordan,35.559900,32.309099,1,bible,,"<a href=""https://www.biblegateway.com/passage/?search=Deut+1%3A1&version=ESV"">Deut 1:1</a>, <a href=""https://www.biblegateway.com/passage/?search=Deut+1%3A5&version=ESV"">Deut 1:5</a>, <a href=""https://www.biblegateway.com/passage/?search=Deut+2%3A29&version=ESV"">Deut 2:29</a>, <a href=""https://www.biblegateway.com/passage/?search=Deut+3%3A8&version=ESV"">Deut 3:8</a>, <a href=""https://www.biblegateway.com/passage/?search=Deut+3%3A17&version=ESV"">Deut 3:17</a>, <a href=""https://www.biblegateway.com/passage/?search=Deut+3%3A20&version=ESV"">Deut 3:20</a>, <a href=""https://www.biblegateway.com/passage/?search=Deut+3%3A25&version=ESV"">Deut 3:25</a>, <a href=""https://www.biblegateway.com/passage/?search=Deut+3%3A27&version=ESV"">Deut 3:27</a>, <a href=""https://www.biblegateway.com/passage/?search=Deut+4%3A21&version=ESV"">Deut 4:21</a>, <a href=""https://www.biblegateway.com/passage/?search=Deut+4%3A22&version=ESV"">Deut 4:22</a>, <a href=""https://www.biblegateway.com/passage/?search=Deut+4%3A26&version=ESV"">Deut 4:26</a>, <a href=""https://www.biblegateway.com/passage/?search=Deut+4%3A41&version=ESV"">Deut 4:41</a>, <a href=""https://www.biblegateway.com/passage/?search=Deut+4%3A46&version=ESV"">Deut 4:46</a>, <a href=""https://www.biblegateway.com/passage/?search=Deut+4%3A47&version=ESV"">Deut 4:47</a>, <a href=""https://www.biblegateway.com/passage/?search=Deut+4%3A49&version=ESV"">Deut 4:49</a>, <a href=""https://www.biblegateway.com/passage/?search=Deut+9%3A1&version=ESV"">Deut 9:1</a>, <a href=""https://www.biblegateway.com/passage/?search=Deut+11%3A30&version=ESV"">Deut 11:30</a>, <a href=""https://www.biblegateway.com/passage/?search=Deut+11%3A31&version=ESV"">Deut 11:31</a>, <a href=""https://www.biblegateway.com/passage/?search=Deut+12%3A10&version=ESV"">Deut 12:10</a>, <a href=""https://www.biblegateway.com/passage/?search=Deut+27%3A2&version=ESV"">Deut 27:2</a>, <a href=""https://www.biblegateway.com/passage/?search=Deut+27%3A4&version=ESV"">Deut 27:4</a>, <a href=""https://www.biblegateway.com/passage/?search=Deut+27%3A12&version=ESV"">Deut 27:12</a>, <a href=""https://www.biblegateway.com/passage/?search=Deut+30%3A18&version=ESV"">Deut 30:18</a>, <a href=""https://www.biblegateway.com/passage/?search=Deut+31%3A2&version=ESV"">Deut 31:2</a>, <a href=""https://www.biblegateway.com/passage/?search=Deut+31%3A13&version=ESV"">Deut 31:13</a>, <a href=""https://www.biblegateway.com/passage/?search=Deut+32%3A47&version=ESV"">Deut 32:47</a>",,,,,,,
Jordan,35.559900,32.309099,1,bible,,"<a href=""https://www.biblegateway.com/passage/?search=Josh+1%3A2&version=ESV"">Josh 1:2</a>, <a href=""https://www.biblegateway.com/passage/?search=Josh+1%3A11&version=ESV"">Josh 1:11</a>, <a href=""https://www.biblegateway.com/passage/?search=Josh+1%3A14&version=ESV"">Josh 1:14</a>, <a href=""https://www.biblegateway.com/passage/?search=Josh+1%3A15&version=ESV"">Josh 1:15</a>, <a href=""https://www.biblegateway.com/passage/?search=Josh+2%3A7&version=ESV"">Josh 2:7</a>, <a href=""https://www.biblegateway.com/passage/?search=Josh+2%3A10&version=ESV"">Josh 2:10</a>, <a href=""https://www.biblegateway.com/passage/?search=Josh+3%3A1&version=ESV"">Josh 3:1</a>, <a href=""https://www.biblegateway.com/passage/?search=Josh+3%3A8&version=ESV"">Josh 3:8</a>, <a href=""https://www.biblegateway.com/passage/?search=Josh+3%3A11&version=ESV"">Josh 3:11</a>, <a href=""https://www.biblegateway.com/passage/?search=Josh+3%3A13&version=ESV"">Josh 3:13</a>, <a href=""https://www.biblegateway.com/passage/?search=Josh+3%3A14&version=ESV"">Josh 3:14</a>, <a href=""https://www.biblegateway.com/passage/?search=Josh+3%3A15&version=ESV"">Josh 3:15</a>, <a href=""https://www.biblegateway.com/passage/?search=Josh+3%3A17&version=ESV"">Josh 3:17</a>, <a href=""https://www.biblegateway.com/passage/?search=Josh+4%3A1&version=ESV"">Josh 4:1</a>, <a href=""https://www.biblegateway.com/passage/?search=Josh+4%3A3&version=ESV"">Josh 4:3</a>, <a href=""https://www.biblegateway.com/passage/?search=Josh+4%3A5&version=ESV"">Josh 4:5</a>, <a href=""https://www.biblegateway.com/passage/?search=Josh+4%3A7&version=ESV"">Josh 4:7</a>, <a href=""https://www.biblegateway.com/passage/?search=Josh+4%3A8&version=ESV"">Josh 4:8</a>, <a href=""https://www.biblegateway.com/passage/?search=Josh+4%3A9&version=ESV"">Josh 4:9</a>, <a href=""https://www.biblegateway.com/passage/?search=Josh+4%3A10&version=ESV"">Josh 4:10</a>, <a href=""https://www.biblegateway.com/passage/?search=Josh+4%3A16&version=ESV"">Josh 4:16</a>, <a href=""https://www.biblegateway.com/passage/?search=Josh+4%3A17&version=ESV"">Josh 4:17</a>, <a href=""https://www.biblegateway.com/passage/?search=Josh+4%3A18&version=ESV"">Josh 4:18</a>, <a href=""https://www.biblegateway.com/passage/?search=Josh+4%3A19&version=ESV"">Josh 4:19</a>, <a href=""https://www.biblegateway.com/passage/?search=Josh+4%3A20&version=ESV"">Josh 4:20</a>, <a href=""https://www.biblegateway.com/passage/?search=Josh+4%3A22&version=ESV"">Josh 4:22</a>, <a href=""https://www.biblegateway.com/passage/?search=Josh+4%3A23&version=ESV"">Josh 4:23</a>, <a href=""https://www.biblegateway.com/passage/?search=Josh+5%3A1&version=ESV"">Josh 5:1</a>, <a href=""https://www.biblegateway.com/passage/?search=Josh+7%3A7&version=ESV"">Josh 7:7</a>, <a href=""https://www.biblegateway.com/passage/?search=Josh+9%3A1&version=ESV"">Josh 9:1</a>, <a href=""https://www.biblegateway.com/passage/?search=Josh+9%3A10&version=ESV"">Josh 9:10</a>, <a href=""https://www.biblegateway.com/passage/?search=Josh+12%3A1&version=ESV"">Josh 12:1</a>, <a href=""https://www.biblegateway.com/passage/?search=Josh+12%3A7&version=ESV"">Josh 12:7</a>, <a href=""https://www.biblegateway.com/passage/?search=Josh+13%3A8&version=ESV"">Josh 13:8</a>, <a href=""https://www.biblegateway.com/passage/?search=Josh+13%3A23&version=ESV"">Josh 13:23</a>, <a href=""https://www.biblegateway.com/passage/?search=Josh+13%3A27&version=ESV"">Josh 13:27</a>, <a href=""https://www.biblegateway.com/passage/?search=Josh+13%3A32&version=ESV"">Josh 13:32</a>, <a href=""https://www.biblegateway.com/passage/?search=Josh+14%3A3&version=ESV"">Josh 14:3</a>, <a href=""https://www.biblegateway.com/passage/?search=Josh+15%3A5&version=ESV"">Josh 15:5</a>, <a href=""https://www.biblegateway.com/passage/?search=Josh+16%3A1&version=ESV"">Josh 16:1</a>, <a href=""https://www.biblegateway.com/passage/?search=Josh+16%3A7&version=ESV"">Josh 16:7</a>, <a href=""https://www.biblegateway.com/passage/?search=Josh+17%3A5&version=ESV"">Josh 17:5</a>, <a href=""https://www.biblegateway.com/passage/?search=Josh+18%3A7&version=ESV"">Josh 18:7</a>, <a href=""https://www.biblegateway.com/passage/?search=Josh+18%3A12&version=ESV"">Josh 18:12</a>, <a href=""https://www.biblegateway.com/passage/?search=Josh+18%3A19&version=ESV"">Josh 18:19</a>, <a href=""https://www.biblegateway.com/passage/?search=Josh+18%3A20&version=ESV"">Josh 18:20</a>, <a href=""https://www.biblegateway.com/passage/?search=Josh+19%3A22&version=ESV"">Josh 19:22</a>, <a href=""https://www.biblegateway.com/passage/?search=Josh+19%3A33&version=ESV"">Josh 19:33</a>, <a href=""https://www.biblegateway.com/passage/?search=Josh+19%3A34&version=ESV"">Josh 19:34</a>, <a href=""https://www.biblegateway.com/passage/?search=Josh+20%3A8&version=ESV"">Josh 20:8</a>, <a href=""https://www.biblegateway.com/passage/?search=Josh+22%3A4&version=ESV"">Josh 22:4</a>, <a href=""https://www.biblegateway.com/passage/?search=Josh+22%3A7&version=ESV"">Josh 22:7</a>, <a href=""https://www.biblegateway.com/passage/?search=Josh+22%3A10&version=ESV"">Josh 22:10</a>, <a href=""https://www.biblegateway.com/passage/?search=Josh+22%3A11&version=ESV"">Josh 22:11</a>, <a href=""https://www.biblegateway.com/passage/?search=Josh+22%3A25&version=ESV"">Josh 22:25</a>, <a href=""https://www.biblegateway.com/passage/?search=Josh+23%3A4&version=ESV"">Josh 23:4</a>, <a href=""https://www.biblegateway.com/passage/?search=Josh+24%3A8&version=ESV"">Josh 24:8</a>, <a href=""https://www.biblegateway.com/passage/?search=Josh+24%3A11&version=ESV"">Josh 24:11</a>",,,,,,,
Jordan,35.559900,32.309099,1,bible,,"<a href=""https://www.biblegateway.com/passage/?search=Judg+3%3A28&version=ESV"">Judg 3:28</a>, <a href=""https://www.biblegateway.com/passage/?search=Judg+5%3A17&version=ESV"">Judg 5:17</a>, <a href=""https://www.biblegateway.com/passage/?search=Judg+6%3A33&version=ESV"">Judg 6:33</a>, <a href=""https://www.biblegateway.com/passage/?search=Judg+7%3A24&version=ESV"">Judg 7:24</a>, <a href=""https://www.biblegateway.com/passage/?search=Judg+7%3A25&version=ESV"">Judg 7:25</a>, <a href=""https://www.biblegateway.com/passage/?search=Judg+8%3A4&version=ESV"">Judg 8:4</a>, <a href=""https://www.biblegateway.com/passage/?search=Judg+10%3A8&version=ESV"">Judg 10:8</a>, <a href=""https://www.biblegateway.com/passage/?search=Judg+10%3A9&version=ESV"">Judg 10:9</a>, <a href=""https://www.biblegateway.com/passage/?search=Judg+11%3A13&version=ESV"">Judg 11:13</a>, <a href=""https://www.biblegateway.com/passage/?search=Judg+11%3A22&version=ESV"">Judg 11:22</a>, <a href=""https://www.biblegateway.com/passage/?search=Judg+12%3A5&version=ESV"">Judg 12:5</a>, <a href=""https://www.biblegateway.com/passage/?search=Judg+12%3A6&version=ESV"">Judg 12:6</a>",,,,,,,
Jordan,35.559900,32.309099,1,bible,,"<a href=""https://www.biblegateway.com/passage/?search=1+Sam+13%3A7&version=ESV"">1 Sam 13:7</a>, <a href=""https://www.biblegateway.com/passage/?search=1+Sam+31%3A7&version=ESV"">1 Sam 31:7</a>",,,,,,,
Jordan,35.559900,32.309099,1,bible,,"<a href=""https://www.biblegateway.com/passage/?search=2+Sam+2%3A29&version=ESV"">2 Sam 2:29</a>, <a href=""https://www.biblegateway.com/passage/?search=2+Sam+10%3A17&version=ESV"">2 Sam 10:17</a>, <a href=""https://www.biblegateway.com/passage/?search=2+Sam+16%3A14&version=ESV"">2 Sam 16:14</a>, <a href=""https://www.biblegateway.com/passage/?search=2+Sam+17%3A22&version=ESV"">2 Sam 17:22</a>, <a href=""https://www.biblegateway.com/passage/?search=2+Sam+17%3A24&version=ESV"">2 Sam 17:24</a>, <a href=""https://www.biblegateway.com/passage/?search=2+Sam+19%3A15&version=ESV"">2 Sam 19:15</a>, <a href=""https://www.biblegateway.com/passage/?search=2+Sam+19%3A17&version=ESV"">2 Sam 19:17</a>, <a href=""https://www.biblegateway.com/passage/?search=2+Sam+19%3A18&version=ESV"">2 Sam 19:18</a>, <a href=""https://www.biblegateway.com/passage/?search=2+Sam+19%3A31&version=ESV"">2 Sam 19:31</a>, <a href=""https://www.biblegateway.com/passage/?search=2+Sam+19%3A36&version=ESV"">2 Sam 19:36</a>, <a href=""https://www.biblegateway.com/passage/?search=2+Sam+19%3A39&version=ESV"">2 Sam 19:39</a>, <a href=""https://www.biblegateway.com/passage/?search=2+Sam+19%3A41&version=ESV"">2 Sam 19:41</a>, <a href=""https://www.biblegateway.com/passage/?search=2+Sam+20%3A2&version=ESV"">2 Sam 20:2</a>, <a href=""https://www.biblegateway.com/passage/?search=2+Sam+24%3A5&version=ESV"">2 Sam 24:5</a>",,,,,,,
Jordan,35.559900,32.309099,1,bible,,"<a href=""https://www.biblegateway.com/passage/?search=1+Kgs+2%3A8&version=ESV"">1 Kgs 2:8</a>, <a href=""https://www.biblegateway.com/passage/?search=1+Kgs+7%3A46&version=ESV"">1 Kgs 7:46</a>, <a href=""https://www.biblegateway.com/passage/?search=1+Kgs+17%3A3&version=ESV"">1 Kgs 17:3</a>, <a href=""https://www.biblegateway.com/passage/?search=1+Kgs+17%3A5&version=ESV"">1 Kgs 17:5</a>",,,,,,,
Jordan,35.559900,32.309099,1,bible,,"<a href=""https://www.biblegateway.com/passage/?search=2+Kgs+2%3A6&version=ESV"">2 Kgs 2:6</a>, <a href=""https://www.biblegateway.com/passage/?search=2+Kgs+2%3A7&version=ESV"">2 Kgs 2:7</a>, <a href=""https://www.biblegateway.com/passage/?search=2+Kgs+2%3A13&version=ESV"">2 Kgs 2:13</a>, <a href=""https://www.biblegateway.com/passage/?search=2+Kgs+5%3A10&version=ESV"">2 Kgs 5:10</a>, <a href=""https://www.biblegateway.com/passage/?search=2+Kgs+5%3A14&version=ESV"">2 Kgs 5:14</a>, <a href=""https://www.biblegateway.com/passage/?search=2+Kgs+6%3A2&version=ESV"">2 Kgs 6:2</a>, <a href=""https://www.biblegateway.com/passage/?search=2+Kgs+6%3A4&version=ESV"">2 Kgs 6:4</a>, <a href=""https://www.biblegateway.com/passage/?search=2+Kgs+7%3A15&version=ESV"">2 Kgs 7:15</a>, <a href=""https://www.biblegateway.com/passage/?search=2+Kgs+10%3A33&version=ESV"">2 Kgs 10:33</a>",,,,,,,
Jordan,35.559900,32.309099,1,bible,,"<a href=""https://www.biblegateway.com/passage/?search=1+Chr+6%3A78&version=ESV"">1 Chr 6:78</a>, <a href=""https://www.biblegateway.com/passage/?search=1+Chr+12%3A15&version=ESV"">1 Chr 12:15</a>, <a href=""https://www.biblegateway.com/passage/?search=1+Chr+12%3A37&version=ESV"">1 Chr 12:37</a>, <a href=""https://www.biblegateway.com/passage/?search=1+Chr+19%3A17&version=ESV"">1 Chr 19:17</a>, <a href=""https://www.biblegateway.com/passage/?search=1+Chr+26%3A30&version=ESV"">1 Chr 26:30</a>",,,,,,,
Jordan,35.559900,32.309099,1,bible,,"<a href=""https://www.biblegateway.com/passage/?search=2+Chr+4%3A17&version=ESV"">2 Chr 4:17</a>",,,,,,,
Jordan,35.559900,32.309099,1,bible,,"<a href=""https://www.biblegateway.com/passage/?search=Job+40%3A23&version=ESV"">Job 40:23</a>",,,,,,,
Jordan,35.559900,32.309099,1,bible,,"<a href=""https://www.biblegateway.com/passage/?search=Ps+42%3A6&version=ESV"">Ps 42:6</a>, <a href=""https://www.biblegateway.com/passage/?search=Ps+114%3A3&version=ESV"">Ps 114:3</a>, <a href=""https://www.biblegateway.com/passage/?search=Ps+114%3A5&version=ESV"">Ps 114:5</a>",,,,,,,
Jordan,35.559900,32.309099,1,bible,,"<a href=""https://www.biblegateway.com/passage/?search=Isa+9%3A1&version=ESV"">Isa 9:1</a>",,,,,,,
Jordan,35.559900,32.309099,1,bible,,"<a href=""https://www.biblegateway.com/passage/?search=Jer+12%3A5&version=ESV"">Jer 12:5</a>, <a href=""https://www.biblegateway.com/passage/?search=Jer+49%3A19&version=ESV"">Jer 49:19</a>, <a href=""https://www.biblegateway.com/passage/?search=Jer+50%3A44&version=ESV"">Jer 50:44</a>",,,,,,,
Jordan,35.559900,32.309099,1,bible,,"<a href=""https://www.biblegateway.com/passage/?search=Ezek+47%3A18&version=ESV"">Ezek 47:18</a>",,,,,,,
Jordan,35.559900,32.309099,1,bible,,"<a href=""https://www.biblegateway.com/passage/?search=Zech+11%3A3&version=ESV"">Zech 11:3</a>",,,,,,,
Jordan,35.559900,32.309099,1,bible,,"<a href=""https://www.biblegateway.com/passage/?search=Matt+3%3A5&version=ESV"">Matt 3:5</a>, <a href=""https://www.biblegateway.com/passage/?search=Matt+3%3A6&version=ESV"">Matt 3:6</a>, <a href=""https://www.biblegateway.com/passage/?search=Matt+3%3A13&version=ESV"">Matt 3:13</a>, <a href=""https://www.biblegateway.com/passage/?search=Matt+4%3A15&version=ESV"">Matt 4:15</a>, <a href=""https://www.biblegateway.com/passage/?search=Matt+4%3A25&version=ESV"">Matt 4:25</a>, <a href=""https://www.biblegateway.com/passage/?search=Matt+19%3A1&version=ESV"">Matt 19:1</a>",,,,,,,
Jordan,35.559900,32.309099,1,bible,,"<a href=""https://www.biblegateway.com/passage/?search=Mark+1%3A5&version=ESV"">Mark 1:5</a>, <a href=""https://www.biblegateway.com/passage/?search=Mark+1%3A9&version=ESV"">Mark 1:9</a>, <a href=""https://www.biblegateway.com/passage/?search=Mark+3%3A8&version=ESV"">Mark 3:8</a>, <a href=""https://www.biblegateway.com/passage/?search=Mark+10%3A1&version=ESV"">Mark 10:1</a>",,,,,,,
Jordan,35.559900,32.309099,1,bible,,"<a href=""https://www.biblegateway.com/passage/?search=Luke+3%3A3&version=ESV"">Luke 3:3</a>, <a href=""https://www.biblegateway.com/passage/?search=Luke+4%3A1&version=ESV"">Luke 4:1</a>",,,,,,,
Jordan,35.559900,32.309099,1,bible,,"<a href=""https://www.biblegateway.com/passage/?search=John+1%3A28&version=ESV"">John 1:28</a>, <a href=""https://www.biblegateway.com/passage/?search=John+3%3A26&version=ESV"">John 3:26</a>, <a href=""https://www.biblegateway.com/passage/?search=John+10%3A40&version=ESV"">John 10:40</a>",,,,,,,
Gibeon,35.184912,31.846847,1,bible,,"<a href=""https://www.biblegateway.com/passage/?search=Josh+9%3A3&version=ESV"">Josh 9:3</a>, <a href=""https://www.biblegateway.com/passage/?search=Josh+9%3A17&version=ESV"">Josh 9:17</a>, <a href=""https://www.biblegateway.com/passage/?search=Josh+10%3A1&version=ESV"">Josh 10:1</a>, <a href=""https://www.biblegateway.com/passage/?search=Josh+10%3A2&version=ESV"">Josh 10:2</a>, <a href=""https://www.biblegateway.com/passage/?search=Josh+10%3A4&version=ESV"">Josh 10:4</a>, <a href=""https://www.biblegateway.com/passage/?search=Josh+10%3A5&version=ESV"">Josh 10:5</a>, <a href=""https://www.biblegateway.com/passage/?search=Josh+10%3A6&version=ESV"">Josh 10:6</a>, <a href=""https://www.biblegateway.com/passage/?search=Josh+10%3A10&version=ESV"">Josh 10:10</a>, <a href=""https://www.biblegateway.com/passage/?search=Josh+10%3A12&version=ESV"">Josh 10:12</a>, <a href=""https://www.biblegateway.com/passage/?search=Josh+10%3A41&version=ESV"">Josh 10:41</a>, <a href=""https://www.biblegateway.com/passage/?search=Josh+11%3A19&version=ESV"">Josh 11:19</a>, <a href=""https://www.biblegateway.com/passage/?search=Josh+18%3A25&version=ESV"">Josh 18:25</a>, <a href=""https://www.biblegateway.com/passage/?search=Josh+21%3A17&version=ESV"">Josh 21:17</a>",,,,,,,
Gibeon,35.184912,31.846847,1,bible,,"<a href=""https://www.biblegateway.com/passage/?search=2+Sam+2%3A12&version=ESV"">2 Sam 2:12</a>, <a href=""https://www.biblegateway.com/passage/?search=2+Sam+2%3A13&version=ESV"">2 Sam 2:13</a>, <a href=""https://www.biblegateway.com/passage/?search=2+Sam+2%3A16&version=ESV"">2 Sam 2:16</a>, <a href=""https://www.biblegateway.com/passage/?search=2+Sam+2%3A24&version=ESV"">2 Sam 2:24</a>, <a href=""https://www.biblegateway.com/passage/?search=2+Sam+3%3A30&version=ESV"">2 Sam 3:30</a>, <a href=""https://www.biblegateway.com/passage/?search=2+Sam+20%3A8&version=ESV"">2 Sam 20:8</a>",,,,,,,
Gibeon,35.184912,31.846847,1,bible,,"<a href=""https://www.biblegateway.com/passage/?search=1+Kgs+3%3A4&version=ESV"">1 Kgs 3:4</a>, <a href=""https://www.biblegateway.com/passage/?search=1+Kgs+3%3A5&version=ESV"">1 Kgs 3:5</a>, <a href=""https://www.biblegateway.com/passage/?search=1+Kgs+9%3A2&version=ESV"">1 Kgs 9:2</a>",,,,,,,
Gibeon,35.184912,31.846847,1,bible,,"<a href=""https://www.biblegateway.com/passage/?search=1+Chr+6%3A60&version=ESV"">1 Chr 6:60</a>, <a href=""https://www.biblegateway.com/passage/?search=1+Chr+8%3A29&version=ESV"">1 Chr 8:29</a>, <a href=""https://www.biblegateway.com/passage/?search=1+Chr+9%3A35&version=ESV"">1 Chr 9:35</a>, <a href=""https://www.biblegateway.com/passage/?search=1+Chr+12%3A4&version=ESV"">1 Chr 12:4</a>, <a href=""https://www.biblegateway.com/passage/?search=1+Chr+14%3A16&version=ESV"">1 Chr 14:16</a>, <a href=""https://www.biblegateway.com/passage/?search=1+Chr+16%3A39&version=ESV"">1 Chr 16:39</a>, <a href=""https://www.biblegateway.com/passage/?search=1+Chr+21%3A29&version=ESV"">1 Chr 21:29</a>",,,,,,,
Gibeon,35.184912,31.846847,1,bible,,"<a href=""https://www.biblegateway.com/passage/?search=2+Chr+1%3A3&version=ESV"">2 Chr 1:3</a>, <a href=""https://www.biblegateway.com/passage/?search=2+Chr+1%3A13&version=ESV"">2 Chr 1:13</a>",,,,,,,
Gibeon,35.184912,31.846847,1,bible,,"<a href=""https://www.biblegateway.com/passage/?search=Neh+3%3A7&version=ESV"">Neh 3:7</a>, <a href=""https://www.biblegateway.com/passage/?search=Neh+7%3A25&version=ESV"">Neh 7:25</a>",,,,,,,
Gibeon,35.184912,31.846847,1,bible,,"<a href=""https://www.biblegateway.com/passage/?search=Jer+28%3A1&version=ESV"">Jer 28:1</a>, <a href=""https://www.biblegateway.com/passage/?search=Jer+41%3A12&version=ESV"">Jer 41:12</a>, <a href=""https://www.biblegateway.com/passage/?search=Jer+41%3A16&version=ESV"">Jer 41:16</a>",,,,,,,
Athens,23.733333,37.983333,1,bible,,"<a href=""https://www.biblegateway.com/passage/?search=Acts+17%3A15&version=ESV"">Acts 17:15</a>, <a href=""https://www.biblegateway.com/passage/?search=Acts+17%3A16&version=ESV"">Acts 17:16</a>, <a href=""https://www.biblegateway.com/passage/?search=Acts+17%3A22&version=ESV"">Acts 17:22</a>, <a href=""https://www.biblegateway.com/passage/?search=Acts+18%3A1&version=ESV"">Acts 18:1</a>",,,,,,,
Athens,23.733333,37.983333,1,bible,,"<a href=""https://www.biblegateway.com/passage/?search=1+Thes+3%3A1&version=ESV"">1 Thes 3:1</a>",,,,,,,
Samos,26.934167,37.715172,1,bible,,"<a href=""https://www.biblegateway.com/passage/?search=Acts+20%3A15&version=ESV"">Acts 20:15</a>",,,,,,,
Thebes,32.639441,25.700025,1,bible,,"<a href=""https://www.biblegateway.com/passage/?search=Jer+46%3A25&version=ESV"">Jer 46:25</a>",,,,,,,
Thebes,32.639441,25.700025,1,bible,,"<a href=""https://www.biblegateway.com/passage/?search=Ezek+30%3A14&version=ESV"">Ezek 30:14</a>, <a href=""https://www.biblegateway.com/passage/?search=Ezek+30%3A15&version=ESV"">Ezek 30:15</a>, <a href=""https://www.biblegateway.com/passage/?search=Ezek+30%3A16&version=ESV"">Ezek 30:16</a>",,,,,,,
Thebes,32.639441,25.700025,1,bible,,"<a href=""https://www.biblegateway.com/passage/?search=Nahum+3%3A8&version=ESV"">Nahum 3:8</a>",,,,,,,
